iter,keygen_us,enc_us,dec_us,total_us,keygen_cycles,enc_cycles,dec_cycles,total_cycles
0,19040232,31304,924312,19995848,274689432,7512840,221835068,504037340
1,8808932,31360,928303,9768595,2114144563,7525527,222792717,2344462807
2,9942530,32340,936162,10911032,2386207378,7761495,224678868,2618647741
3,20704624,30953,917700,21653277,674142615,7428549,220248174,901819338
4,27278792,32875,929060,28240727,2251942842,7889937,222974496,2482807275
5,19670102,31450,932392,20633944,425857119,7547970,223774224,657179313
6,30321437,31082,920296,31272815,2982177678,7459590,220871028,3210508296
7,20948414,33917,926928,21909259,732652104,8140233,222462597,963254934
8,12608876,35435,953138,13597449,3026130253,8504361,228753009,3263387623
9,46438140,35119,934815,47408074,2555218907,8428623,224355669,2788003199
10,11626811,35250,938134,12600195,2790434743,8459880,225152322,3024046945
11,5742381,33379,933901,6709661,1378172344,8010051,224136204,1610318599
12,9193536,33421,939590,10166547,2206448452,8021145,225501480,2439971077
13,18511923,36087,953668,19501678,147894249,8660799,228880497,385435545
14,4940223,31256,927852,5899331,1185653368,7501524,222684534,1415839426
15,30448437,33242,935841,31417520,3012657723,7978023,224601750,3245237496
16,22035354,34846,935170,23005370,993517536,8363055,224440773,1226321364
17,13926036,34275,931690,14892001,3342248680,8226030,223605501,3574080211
18,1474510,34454,941796,2450760,353882212,8269125,226030881,588182218
19,15772956,38234,956601,16767791,3785509495,9176163,229584303,4024269961
20,12707884,36658,956457,13700999,3049892176,8798004,229549725,3288239905
21,25415899,33539,930669,26380107,1804849236,8048430,223360593,2036258259
22,30873920,35698,946037,31855655,3114773283,8567544,227048892,3350389719
23,10306622,36327,941600,11284549,2473589287,8718444,225983889,2708291620
24,9632555,32589,928031,10593175,2311813147,7821429,222727461,2542362037
25,3813576,34880,932537,4780993,915258295,8371092,223808991,1147438378
26,34764070,35211,938229,35737510,4048409628,8450490,225175062,4282035180
27,19861674,34556,942177,20838407,471834357,8293494,226122552,706250403
28,26936341,31536,933116,27900993,2169754677,7568487,223947834,2401270998
29,18470488,31345,922429,19424262,137949777,7522725,221383113,366855615
30,26381848,30870,928774,27341492,2036676000,7408962,222905670,2266990632
31,5606912,33333,928497,6568742,1345659886,7998954,222839322,1576498162
32,15291001,34240,938017,16263258,3669840121,8217552,225124131,3903181804
33,5508135,33750,933560,6475445,1321952386,8099940,224054454,1554106780
34,10227103,34842,932161,11194106,2454504793,8362140,223718598,2686585531
35,7233679,32578,926607,8192864,1736083084,7818516,222385752,1966287352
36,20208307,35853,941028,21185188,555026427,8604822,225846558,789477807
37,11204459,32271,924312,12161042,2689070287,7744884,221834844,2918650015
38,31024256,32491,924527,31981274,3150854322,7797858,221886345,3380538525
39,23162719,32610,931207,24126536,1264085424,7826277,223489737,1495401438
40,22807784,33006,925194,23765984,1178900988,7921323,222046743,1408869054
41,11333456,32827,936630,12302913,2720030290,7877646,224791221,2952699157
42,6387287,33954,934531,7355772,1532949034,8148774,224287494,1765385302
43,5339007,32237,931840,6303084,1281361540,7736913,223641618,1512740071
44,9307624,33307,926162,10267093,2233829827,7993611,222278952,2464102390
45,43979845,34637,935677,44950159,1965228101,8312943,224562372,2198103416
46,29338283,31336,918483,30288102,2746220679,7520586,220435944,2974177209
47,15156173,34643,932178,16122994,3637481467,8314455,223722564,3869518486
48,13470642,32855,927741,14431238,3232953994,7885287,222657798,3463497079
49,7684262,36237,955410,8675909,1844223070,8696721,229298430,2082218221
50,39497674,35016,940841,40473531,889507157,8403801,225801948,1123712906
51,16716636,31121,927662,17675419,4011993628,7468038,222638952,4242100618
52,7713933,36755,940344,8691032,1851343708,8821314,225682452,2085847474
53,13484813,31864,927999,14444676,3236355073,7647387,222719682,3466722142
54,48628187,34903,940304,49603394,3080830331,8376648,225672966,3314879945
55,8660484,36597,953158,9650239,2078516092,8783346,228757857,2316057295
56,4162359,35038,943139,5140536,998966161,8408973,226353498,1233728632
57,17030616,31226,931556,17993398,4087347826,7494258,223573488,23448276
58,22807403,37135,951779,23796317,1178809365,8912307,228426963,1416148635
59,6228940,33879,937193,7200012,1494945601,8130837,224926440,1728002878
60,11174379,35548,946748,12156675,2681850949,8531622,227219418,2917601989
61,9031191,31954,921866,9985011,2167486729,7668093,221247882,2396402704
62,5469254,30629,918062,6417945,1312620985,7351029,220334991,1540307005
63,37119456,37598,953957,38111011,318735023,9023526,228949557,556708106
64,21095467,32120,928408,22055995,767944764,7708773,222817902,998471439
65,32731092,36505,947572,33715169,3560494713,8761425,227417259,3796673397
66,30949510,30919,926856,31907285,3132915264,7420407,222445569,3362781240
67,11547097,31287,924894,12503278,2771303257,7508826,221974635,3000786718
68,36393998,30617,925660,37350275,144625076,7347960,222158487,374131523
69,25205312,31979,921449,26158740,1754307507,7675128,221147676,1983130311
70,12461882,30485,924482,13416849,2990851774,7316286,221875752,3220043812
71,28251481,33370,929791,29214642,2485389243,8007675,223150020,2716546938
72,18934932,34187,937656,19906775,249416484,8204811,225037350,482658645
73,12547060,34453,942140,13523653,3011294356,8268915,226113603,3245676874
74,19714656,30665,926599,20671920,436550202,7359486,222383724,666293412
75,9644825,31160,917628,10593613,2314757833,7478415,220230756,2542467004
76,9023368,36358,939962,9999688,2165608474,8725773,225590976,2399925223
77,3493870,32741,930280,4456891,838528837,7857759,223267389,1069653985
78,14645221,31665,923595,15600481,3514853176,7599591,221662629,3744115396
79,13485028,34216,938031,14457275,3236406694,8211798,225127479,3469745971
80,2240613,37410,947154,3225177,537746956,8978349,227317080,774042385
81,15976178,33063,938782,16948023,3834283660,7934145,225307686,4067525491
82,19996965,37789,944852,20979606,504304488,9069231,226764594,740138313
83,17607067,31888,924547,18563502,4225696153,7652988,221891457,160273302
84,22595999,34419,943644,23574062,1128072462,8260533,226474578,1362807573
85,32058248,35152,946590,33039990,3399012273,8436594,227181555,3634630422
86,15873735,36233,943935,16853903,3809696512,8695842,226544442,4044936796
87,10328587,33596,938036,11300219,2478860755,8063097,225128730,2712052582
88,5396134,33528,936193,6365855,1295072233,8046666,224686425,1527805324
89,21208306,35944,949415,22193665,795025956,8626713,227859606,1031512275
90,11366122,31542,921151,12318815,2727869272,7570152,221076327,2956515751
91,28775268,34426,929125,29738819,2611098069,8261364,222989832,2842349265
92,18069211,30984,922909,19023104,41643405,7436055,221498250,270577710
93,12061736,37428,945151,13044315,2894816641,8982897,226836231,3130635769
94,4409070,33078,937786,5379934,1058176849,7938681,225068529,1291184059
95,19569885,32724,940828,20543437,401805108,7853736,225798576,635457420
96,19316816,31688,928009,20276513,341068521,7605096,222722232,571395849
97,9104185,33883,931171,10069239,2185004299,8132013,223481034,2416617346
98,27483805,30897,914921,28429623,2301145983,7415229,219581058,2528142270
99,7608416,35785,944659,8588860,1826019697,8588373,226718304,2061326374
100,47126994,35658,941144,48103796,2720544149,8557878,225874485,2954976512
101,22163083,31299,923753,23118135,1024173624,7510668,221700855,1253385147
102,17142530,34986,944980,18122496,4114207282,8396691,226795134,54431811
103,7223775,33347,936796,8193918,1733706139,8003262,224830902,1966540303
104,17872859,36224,945284,18854367,4289485969,8693808,226868301,230080782
105,27675889,34417,939542,28649848,2347246062,8260068,225490134,2580996264
106,16232798,36320,950914,17220032,3895871488,8716896,228219423,4132807807
107,26364354,32864,921311,27318529,2032477668,7887447,221114445,2261479560
108,2253938,36251,951221,3241410,540945091,8700141,228293022,777938254
109,46051160,31049,919888,47002097,2462343746,7451793,220773159,2690568698
110,2253688,31454,924277,3209419,540885073,7548945,221826615,770260633
111,54446061,35191,935879,55417131,182153656,8445072,224610873,415209601
112,37739753,34516,938820,38713089,467606054,8283759,225316890,701206703
113,35491316,35184,935679,36462179,4222948347,8444310,224563005,160988366
114,23602416,34621,940561,24577598,1369612431,8309223,225734460,1603656114
115,7833766,35229,945237,8814232,1880103784,8455068,226856898,2115415750
116,9180376,31176,929134,10140686,2203290202,7482270,222992169,2433764641
117,12849304,31696,930432,13811432,3083832868,7606989,223303650,3314743507
118,35718052,34883,935840,36688775,4277365023,8372085,224601597,215371409
119,22320582,38568,955387,23314537,1061972421,9256260,229292826,1300521507
120,11807017,35075,938084,12780176,2833683919,8418051,225140274,3067242244
121,4871133,34859,937949,5843941,1169072881,8365272,225107673,1402545826
122,16280670,31713,927184,17239567,3907360801,7611051,222524100,4137495952
123,30126874,33660,935859,31096393,2935482648,8078190,224606148,3168166986
124,14952642,31835,926188,15910665,3588633961,7640412,222285105,3818559478
125,6947388,32128,920496,7900012,1667373094,7710789,220919073,1896002956
126,14739120,34064,935630,15708814,3537388720,8175408,224551257,3770115385
127,8710803,31728,927093,9669624,2090592751,7614780,222502185,2320709716
128,6123718,30686,917061,7071465,1469692351,7364559,220094583,1697151493
129,21900176,34946,945394,22880516,961074960,8387175,226894563,1196356698
130,10903502,35972,943593,11883067,2616840451,8633358,226462323,2851936132
131,7772269,31931,922939,8727139,1865345413,7662573,221505246,2094513232
132,16571575,36372,952339,17560286,3977178085,8729250,228561309,4214468644
133,8517822,32847,928127,9478796,2044276235,7883268,222750543,2274910046
134,6629604,31355,936281,7597240,1591104134,7525158,224707422,1823336714
135,6494078,33672,936193,7463943,1558577870,8081277,224686311,1791345458
136,9301861,36234,946798,10284893,2232446743,8696025,227231493,2468374261
137,14960974,34866,938623,15934463,3590633842,8367795,225269457,3824271094
138,1723114,36491,944319,2703924,413547355,8757714,226636671,648941740
139,2594562,32165,930394,3557121,622694917,7719447,223294611,853708975
140,6623828,33613,931535,7588976,1589718640,8067126,223568445,1821354211
141,40076334,34594,946960,41057888,1028386301,8301708,227270514,1263958523
142,54990714,33666,928284,55952664,312869407,8079840,222788265,543737512
143,3864154,33192,936992,4834338,927397075,7966134,224877987,1160241196
144,11958110,31831,929537,12919478,2869946362,7639578,223088760,3100674700
145,10826283,36727,948500,11811510,2598307954,8814339,227639964,2834762257
146,3534827,31961,927424,4494212,848358646,7670478,222581706,1078610830
147,30628610,34011,936455,31599076,3055898946,8162685,224749323,3288810954
148,10459647,34440,938331,11432418,2510315383,8265576,225199305,2743780264
149,24239556,32200,938633,25210389,1522525998,7728039,225272043,1755526080
150,11770073,33857,942178,12746108,2824817560,8125665,226122720,3059065945
151,9053642,36058,949917,10039617,2172875212,8652783,227980125,2409508120
152,11457803,33953,934609,12426365,2749872859,8148732,224306097,2982327688
153,10654202,33316,940487,11628005,2557008490,7995933,225716865,2790721288
154,11863096,34504,935581,12833181,2847142918,8281167,224539320,3079963405
155,14575890,32362,931564,15539816,3498213781,7766667,223575399,3729555847
156,6820227,32294,922894,7775415,1636854367,7750509,221494554,1866099430
157,14508718,32061,931401,15472180,3482092261,7694712,223536078,3713323051
158,14700867,36879,947856,15685602,3528207988,8851074,227485431,3764544493
159,57270426,35702,948244,58254372,860000425,8568483,227578464,1096147372
160,11312232,31525,921185,12264942,2714935795,7565880,221084553,2943586228
161,19564179,32483,930156,20526818,400436649,7794969,223237494,631469112
162,10881842,34934,952593,11869369,2611642150,8384127,228622281,2848648558
163,17011717,32527,929046,17973290,4082811943,7806444,222971076,18622167
164,6876478,36370,942100,7854948,1650354646,8728791,226103937,1885187374
165,21676656,34063,940787,22651506,907430154,8175081,225788925,1141394160
166,16941490,33336,931969,17906795,4065957655,8000760,223672482,2663601
167,19524348,30640,930420,20485408,390876270,7353546,223300911,621530727
168,10800149,34192,938439,11772780,2592035815,8206005,225225339,2825467159
169,19027240,31101,927933,19986274,271570389,7464363,222703788,501738540
170,7435075,34582,951434,8421091,1784418157,8299503,228344241,2021061901
171,6826119,34625,937383,7798127,1638269491,8309145,224971860,1871550496
172,8162138,34359,932813,9129310,1958913028,8246235,223875036,2191034299
173,30556846,36184,950089,31543119,3038675757,8684247,228021135,3275381139
174,5219828,36705,958820,6215353,1252758784,8809023,230116785,1491684592
175,9533090,35890,938890,10507870,2287941433,8613639,225333582,2521888654
176,12710625,36659,950225,13697509,3050549968,8798157,228054069,3287402194
177,11276070,33309,936255,12245634,2706256918,7994037,224701248,2938952203
178,11534417,36514,943008,12513939,2768260081,8763351,226321887,3003345319
179,41959897,35743,944734,42940374,1480440704,8578368,226736055,1715755127
180,29817261,31953,932868,30782082,2861175390,7668801,223888209,3092732400
181,31110394,36055,944622,32091071,3171528279,8652171,226709340,3406889790
182,7911046,35290,950707,8897043,1898651134,8469546,228169665,2135290345
183,16300164,34117,940555,17274836,3912039358,8188176,225733266,4145960800
184,16119766,32685,922791,17075242,3868743934,7844283,221469933,4098058150
185,44365544,31429,928636,45325609,2057795930,7542933,222872850,2288211713
186,12296610,30842,931487,13258939,2951186401,7402020,223556844,3182145265
187,2120700,36697,950394,3107791,508968019,8807136,228094602,745869757
188,5802084,36385,938392,6776861,1392499990,8732574,225213969,1626446533
189,9059326,30731,920134,10010191,2174238088,7375485,220832271,2402445844
190,10262950,34667,932338,11229955,2463108073,8320032,223761015,2695189120
191,13210380,31801,928073,14170254,3170491966,7631484,222737397,3400860847
192,13949212,33397,935635,14918244,3347810956,8015187,224552484,3580378627
193,7685345,31166,930558,8647069,1844482984,7479783,223333812,2075296579
194,41436060,31933,931557,42399550,1354719716,7663848,223573731,1585957295
195,24852553,33282,930121,25815956,1669645350,7987707,223229001,1900862058
196,41846992,33641,935293,42815926,1453343600,8073846,224470356,1685887802
197,10102400,30895,924698,11057993,2424575848,7414938,221927349,2653918135
198,3622251,32672,931580,4586503,869340388,7841331,223579056,1100760775
199,18593754,34913,944299,19572966,167533527,8379138,226631865,402544530
200,24161444,30950,920389,25112783,1503779313,7427895,220893468,1732100676
201,37720569,31988,926012,38678569,463002932,7676127,222242841,692921900
202,11551199,31261,919461,12501921,2772287590,7502781,220670559,3000460930
203,19537953,30690,920871,20489514,394141392,7365501,221008989,622515882
204,11741427,36917,945575,12723919,2817942385,8860272,226937985,3053740642
205,18413343,33316,936347,19383006,124235064,7995915,224723130,356954109
206,8737640,31008,927107,9695755,2097033649,7441962,222505755,2326981366
207,14045819,35364,942584,15023767,3370996582,8487471,226220058,3605704111
208,18413347,33814,936373,19383534,124236039,8115231,224729520,357080790
209,8703285,30978,926259,9660522,2088788320,7434738,222302025,2318525083
210,2529429,32951,928904,3491284,607062856,7908228,222937002,837908086
211,37100797,36006,944649,38081452,314257625,8640327,226715811,549613763
212,1581874,35895,939832,2557601,379649848,8614878,225559491,613824217
213,12046146,33736,933373,13013255,2891075230,8096439,224009511,3123181180
214,23503144,36798,947837,24487779,1345787328,8831490,227480889,1582099707
215,3837503,31369,925392,4794264,921000886,7528404,222094098,1150623388
216,3207545,35469,941697,4184711,769810867,8512533,226007163,1004330563
217,26675752,36010,949493,27661255,2107213170,8642412,227878242,2343733824
218,16452161,34569,942562,17429292,3948518449,8296581,226215012,4183030042
219,18470198,36949,942171,19449318,137880219,8867799,226121187,372869205
220,16121504,35592,948042,17105138,3869160937,8542128,227529987,4105233052
221,12783607,33954,929550,13747111,3068066629,8148132,223091949,3299306710
222,5855367,33145,937414,6825926,1405287871,7954851,224979318,1638222040
223,33476690,30595,925600,34432885,3739438149,7342983,222144027,3968925159
224,45971859,32386,929458,46933703,2443311452,7772670,223069869,2674153991
225,35094224,33983,925252,36053459,4127646291,8156091,222060516,62895602
226,7537549,35127,937760,8510436,1809011533,8430594,225062430,2042504557
227,14693318,37006,944247,15674571,3526396240,8881341,226619256,3761896837
228,24143182,32556,932596,25108334,1499396427,7813326,223823127,1731032880
229,2072433,32721,929549,3034703,497383786,7853073,223091817,728328676
230,11922659,32479,929378,12884516,2861438167,7795104,223050708,3092283979
231,7699263,34491,937376,8671130,1847824120,8276694,224970324,2081071138
232,7279126,35564,939050,8253740,1746990142,8535456,225371901,1980897499
233,12180606,35230,940872,13156708,2923345336,8455179,225809280,3157609795
234,9401783,30896,924408,10357087,2256427879,7415220,221857773,2485700872
235,2570241,37329,954545,3562115,616857760,8958990,229090908,854907658
236,9285760,34469,942011,10262240,2228582437,8272566,226082547,2462937550
237,10832344,36276,946148,11814768,2599762501,8706264,227075478,2835544243
238,20328263,36703,956142,21321108,583815696,8808870,229473888,822098454
239,4644667,36111,952330,5633108,1114720036,8666736,228559236,1351946008
240,28580260,30785,924454,29535499,2564295285,7388370,221868834,2793552489
241,27565991,35075,935526,28536592,2320871373,8417052,224526369,2553814794
242,22192728,38951,960713,23192392,1031287494,9348285,230570907,1271206686
243,3806146,35633,941480,4783259,913475005,8551827,225955296,1147982128
244,7011399,31310,930635,7973344,1682735662,7514352,223352409,1913602423
245,41101235,36687,946113,42084035,1274361851,8804922,227066928,1510233701
246,5989736,36837,944522,6971095,1437536695,8840979,226685331,1673063005
247,7955330,35598,948292,8939220,1909279249,8543577,227590077,2145412903
248,18293553,30772,917676,19242001,95485491,7385184,220242303,323112978
249,3093029,35893,948498,4077420,742327087,8614311,227639412,978580810
250,14179007,32524,927012,15138543,3402961642,7805769,222482760,3633250171
251,73920652,31084,930659,74882395,561088392,7459236,223357953,791905581
252,1600132,31684,932268,2564084,384031675,7604292,223744188,615380155
253,14740764,30673,921779,15693216,3537783541,7361487,221227002,3766372030
254,26363032,36087,949659,27348778,2032160442,8660703,227918304,2268739449
255,3142810,34609,936829,4114248,754274461,8306118,224839095,987419674
256,23201991,31862,930304,24164157,1273510338,7647090,223272783,1504430211
257,8630288,30509,916667,9577464,2071269064,7322271,220000020,2298591355
258,44896527,33857,937358,45867742,2185231970,8125719,224965803,2418323492
259,8010993,34442,944919,8990354,1922638222,8266083,226780584,2157684889
260,5202815,33315,935689,6171819,1248675616,7995555,224565330,1481236501
261,32381434,32649,924400,33338483,3476577768,7834944,221855964,3706268676
262,11139772,36166,955063,12131001,2673545428,8679810,229215018,2911440256
263,23762681,34904,939852,24737437,1408076280,8377008,225564441,1642017729
264,28562052,34610,940529,29537191,2559925083,8306442,225726933,2793958458
265,10950256,37207,943333,11930796,2628061447,8929656,226400019,2863391122
266,11830259,35842,934451,12800552,2839261957,8602149,224268171,3072132277
267,15436193,33219,933359,16402771,3704686216,7972761,224006058,3936665035
268,17231253,33833,929455,18194541,4135500631,8119929,223069182,71722446
269,15515251,38481,957702,16511434,3723660286,9235428,229848324,3962744038
270,7219412,32608,927024,8179044,1732658818,7825860,222485913,1962970591
271,9633835,30858,922574,10587267,2312121226,7405092,221417604,2540943922
272,4590255,33398,936330,5559983,1101661231,8015406,224719254,1334395891
273,16375654,37170,951604,17364428,3930156937,8920860,228384927,4167462724
274,16588658,33554,933577,17555789,3981278026,8052879,224058450,4213389355
275,36686309,31246,926162,37643717,214779698,7498965,222278853,444557516
276,15570235,32773,937205,16540213,3736856599,7865460,224929248,3969651307
277,10053011,31580,923855,11008446,2412722683,7579245,221725164,2642027092
278,13032549,33011,937388,14002948,3127811818,7922586,224973129,3360707533
279,13719019,33975,936467,14689461,3292564633,8153952,224752101,3525470686
280,8094650,32218,926958,9053826,1942716034,7732275,222469824,2172918133
281,3234899,34950,947403,4217252,776376691,8386971,227376726,1012140388
282,20024474,34377,936413,20995264,510906648,8250441,224739132,743896221
283,8713755,30823,928980,9673558,2091301372,7397349,222955347,2321654068
284,17761774,32008,935327,18729109,4262825704,7681989,224478486,200018883
285,8616510,34616,939943,9591069,2067962197,8307918,225586248,2301856363
286,3198794,30881,918898,4148573,767710414,7411458,220535520,995657392
287,11130769,31722,929304,12091795,2671384549,7613325,223032969,2902030843
288,21336332,32433,930040,22298805,825752373,7783896,223209576,1056745845
289,4602425,36698,943949,5583072,1104582022,8807418,226547802,1339937242
290,17482724,31635,927415,18441774,4195853620,7592472,222579597,131058393
291,10081857,35013,942139,11059009,2419646728,8402178,226113231,2654162137
292,8785041,36615,952001,9773657,2108409790,8787573,228480411,2345677774
293,18126760,31307,917763,19075830,55455120,7513695,220262982,283231797
294,7581998,31239,921725,8534962,1819679374,7497498,221213985,2048390857
295,17782971,33667,933581,18750219,4267913197,8079879,224059494,205085274
296,14589586,36086,936108,15561780,3501500608,8660694,224665872,3734827174
297,18537055,32952,928764,19498771,153925809,7908615,222903435,384737859
298,68952966,32300,922570,69907836,3663810016,7751790,221416836,3892978642
299,52733608,36208,945950,53715766,4066131230,8690034,227027946,6881914
300,14322425,33418,933879,15289722,3437382115,8020248,224130840,3669533203
301,6136178,32391,935335,7103904,1472683639,7772937,224480529,1704937105
302,5014031,31886,930645,5976562,1203367357,7652823,223354623,1434374803
303,14048768,35042,942971,15026781,3371704336,8410143,226312938,3606427417
304,18416082,35720,948157,19399959,124892310,8572818,227557650,361022778
305,11948787,33520,934567,12916874,2867708968,8044911,224295948,3100049827
306,16007022,31057,928513,16966592,3841685113,7453719,222843171,4071982003
307,4510210,35131,938396,5483737,1082450410,8431449,225215130,1316096989
308,3142091,32747,935022,4109860,754101928,7859262,224405298,986366488
309,15619477,33973,939305,16592755,3748674487,8153577,225433248,3982261312
310,11159226,35438,938314,12132978,2678214160,8505099,225195414,2911914673
311,24968232,30843,919882,25918957,1697409405,7401375,220771590,1925582370
312,5628681,34132,940599,6603412,1350883369,8191713,225743664,1584818746
313,17920397,33818,936722,18890937,5927910,8116302,224813259,238857471
314,9222862,36627,949879,10209368,2213486836,8790426,227970906,2450248168
315,5870151,32086,936347,6838584,1408836223,7700856,224723157,1641260236
316,6747221,32227,928495,7707943,1619333134,7734381,222838986,1849906501
317,23643851,32132,934926,24610909,1379556969,7711560,224382375,1611650904
318,16117148,33951,939329,17090428,3868115368,8148252,225438921,4101702541
319,12723756,32157,921037,13676950,3053701285,7717815,221048799,3282467899
320,11967321,31959,926331,12925611,2872157206,7669986,222319443,3102146635
321,5602108,32464,928670,6563242,1344506752,7790328,222881001,1575178081
322,45124853,34118,937449,46096420,2240030171,8188251,224987769,2473206191
323,17278435,34030,936259,18248724,4146824488,8167224,224702052,84726468
324,11001852,32685,926660,11961197,2640444442,7844379,222398319,2870687140
325,8605787,32715,938346,9576848,2065388860,7851492,225203127,2298443479
326,16988026,31903,926874,17946803,4077126340,7656501,222449793,12265338
327,8020404,31157,921140,8972701,1924896880,7477713,221073669,2153448262
328,14820852,33232,938696,15792780,3557004391,7975695,225287031,3790267117
329,7827249,34340,932329,8793918,1878539932,8241408,223758954,2110540294
330,16864669,35392,938562,17838623,4047520642,8493888,225255078,4281269608
331,22641374,36633,947792,23625799,1138963485,8790846,227470188,1375224519
332,5632167,30925,920962,6584054,1351720114,7421958,221031057,1580173129
333,15793714,35539,949596,16778849,3790491451,8529396,227902899,4026923746
334,17970428,30496,910048,18910972,17935353,7319106,218411487,243665946
335,7167086,30542,925318,8122946,1720100641,7330101,222076329,1949507071
336,17828974,33964,935946,18798884,4278953776,8151360,224627022,216764862
337,8586288,35680,949849,9571817,2060709127,8563080,227963871,2297236078
338,14695599,34746,928841,15659186,3526943863,8338902,222921786,3758204551
339,8561186,36421,944192,9541799,2054684656,8741028,226606104,2290031788
340,9241239,35591,940884,10217714,2217897346,8541909,225812151,2452251406
341,8005055,35507,942460,8983022,1921214218,8520606,226190454,2155925278
342,11569909,33548,932016,12535473,2776778293,8051424,223683828,3008513545
343,8920972,36885,950911,9908768,2141033071,8852610,228218496,2378104177
344,20563134,35979,942228,21541341,640184817,8634999,226134681,874954497
345,5993578,34527,941848,6969953,1438458676,8286528,226043499,1672788703
346,21076054,31626,926153,22033833,763285647,7590222,222276714,993152583
347,15305565,36216,949531,16291312,3673335805,8691798,227887281,3909914884
348,5674504,30822,921165,6626491,1361880898,7397331,221079636,1590357865
349,14922229,30602,922595,15875426,3581334994,7344492,221422803,3810102289
350,3362830,34242,934218,4331290,807079192,8218143,224212404,1039509739
351,22631318,30689,921226,23583233,1136550021,7364562,221094249,1365008832
352,18403352,32145,928236,19363733,121837230,7714728,222776841,352328799
353,8149409,31020,931370,9111799,1955858332,7444803,223528698,2186831833
354,21470199,35785,943421,22449405,857880465,8588418,226421220,1092890103
355,16789909,34418,946621,17770948,4029578164,8260401,227188989,4265027554
356,33977836,35414,940924,34954174,3859713327,8499522,225821676,4094034525
357,19197531,34631,927965,20160127,312440040,8311533,222711684,543463257
358,13141527,33482,932155,14107164,3153966385,8035641,223717215,3385719241
359,17095630,33837,928394,18057861,4102951255,8120781,222814590,38919330
360,12312827,31973,927982,13272782,2955078430,7673526,222715686,3185467642
361,14680601,32333,927460,15640394,3523345222,7759014,222590418,3753694654
362,9453145,32211,928704,10414060,2268754888,7730601,222888912,2499374401
363,36537785,34571,943681,37516037,179133671,8297223,226483230,413914124
364,24301337,36460,944011,25281808,1537353693,8750424,226562640,1772666757
365,11525115,38257,953845,12517217,2766027697,9181542,228922959,3004132198
366,5335588,36566,956313,6328467,1280541016,8775918,229515057,1518831991
367,38826138,33933,938400,39798471,728338343,8144013,225215907,961698263
368,22093729,31959,933499,23059187,1007527509,7670229,224039904,1239237642
369,3754286,34988,940385,4729659,901028578,8397234,225692238,1135118050
370,27215441,33380,932369,28181190,2236738404,8011302,223768590,2468518296
371,21631302,38470,953468,22623240,896546274,9231726,228832272,1134610272
372,18742217,30545,926979,19699741,203164686,7330971,222474912,432970569
373,10741733,33102,935760,11710595,2578015906,7944555,224582337,2810542798
374,11539091,38103,952557,12529751,2769381787,9144741,228613656,3007140184
375,7437170,34893,941946,8414009,1784920861,8374254,226067016,2019362131
376,5902409,31388,930728,6864525,1416578161,7533261,223374588,1647486010
377,23137909,33244,933783,24104936,1258130865,7978527,224107983,1490217375
378,13734730,31258,921774,14687762,3296335270,7501812,221225883,3525062965
379,8339318,38105,961969,9339392,2001437365,9144225,230872530,2241454120
380,31802575,31366,925825,32759766,3337651557,7526760,222198084,3567376401
381,16147185,33964,938146,17119295,3875325541,8150337,225155040,4108630918
382,16275352,33937,936973,17246262,3906084496,8146002,224872488,4139102986
383,10362231,31531,922167,11315929,2486935615,7568229,221319204,2715823048
384,18378202,31805,917078,19327085,115801248,7634079,220097859,343533186
385,21217699,32075,928964,22178738,797280246,7698168,222952214,1027930628
386,6681402,35880,943113,7660395,1603536511,8610990,226348175,1838495676
387,9265469,31205,923398,10220072,2223712564,7489263,221616440,2452818267
388,11428548,36027,945274,12409849,2742851482,8646420,226865895,2978363797
389,37117931,33294,936126,38087351,318368846,7990413,224670459,551029718
390,28915740,31230,928410,29875380,2644810290,7495152,222818466,2875123908
391,14211296,34237,938347,15183880,3410712055,8215890,225203238,3644131183
392,11185711,34523,936952,12157186,2684570518,8285499,224868564,2917724581
393,20006976,38349,960263,21005588,506706951,9203772,230463291,746374014
394,10127497,37460,959771,11124728,2430599158,8990610,230344830,2669934598
395,27796507,35618,940571,28772696,2376194268,8548443,225736929,2610479640
396,5921593,32086,940136,6893815,1421182210,7700721,225632520,1654515451
397,12043592,36416,946687,13026695,2890462114,8739879,227204790,3126406783
398,26387199,37658,955512,27380369,2037960474,9037833,229322817,2276321124
399,40673087,33099,925255,41631441,1171606166,7943748,222061281,1401611195
400,6001202,35442,944745,6981389,1440288643,8506074,226738755,1675533472
401,17019316,32475,938676,17990467,4084636735,7792998,225282330,22744767
402,8430836,35447,931618,9397901,2023400653,8507271,223588158,2255496082
403,23134545,34255,944157,24112957,1257323295,8221254,226597722,1492142271
404,9686451,36456,953068,10675975,2324748085,8749623,228736269,2562233977
405,6482364,32771,931545,7446680,1555767487,7865037,223570686,1787203210
406,16138697,34328,932836,17105861,3873287347,8238561,223880823,4105406731
407,13748068,36435,943831,14728334,3299536390,8744454,226519251,3534800095
408,2301197,32487,931558,3265242,552287245,7796940,223573953,783658138
409,20545981,33590,924981,21504552,636068145,8061759,221995362,866125266
410,17526131,36704,944986,18507821,4206271309,8808996,226796559,146909568
411,3602244,31468,926434,4560146,864539635,7551330,222344082,1094435047
412,6742082,30768,918029,7690879,1618099702,7384347,220327005,1845811054
413,59923648,36151,946022,60905821,1496773654,8676381,227045130,1732495165
414,29775701,36255,950871,30762827,2851200783,8701335,228209055,3088111173
415,35071778,38011,961358,36071147,4122259566,9122499,230725914,67140683
416,5714389,36616,943412,6694417,1371453427,8787915,226418751,1606660093
417,12853514,33314,937937,13824765,3084843220,7995537,225104670,3317943427
418,20771994,33906,939468,21745368,690311319,8137308,225472377,923921004
419,22312879,37450,953364,23303693,1060123689,8988138,228807243,1297919070
420,7587799,30617,922763,8541179,1821071614,7348131,221463195,2049882940
421,8448629,30880,928244,9407753,2027671927,7410090,222778710,2257860727
422,11064366,32454,926835,12023655,2655447841,7788870,222440466,2885677177
423,16531575,32873,933289,17497737,3967578010,7889454,223989354,4199456818
424,6581745,34383,940556,7556684,1579618585,8252106,225733245,1813603936
425,3304737,31101,929236,4265074,793136794,7464438,223016433,1023617665
426,8634700,31562,939632,9605894,2072328169,7574697,225511773,2305414639
427,3634054,37338,938870,4610262,872172832,8961246,225328779,1106462857
428,11863199,32345,921232,12816776,2847167833,7762788,221095599,3076026220
429,16564418,35867,944130,17544415,3975460162,8608038,226591404,4210659604
430,33972600,35455,934047,34942102,3858456624,8509200,224171406,4091137230
431,19741649,34942,943763,20720354,443029572,8385138,226503138,677917848
432,4607320,37031,942340,5586691,1105756810,8887479,226161546,1340805835
433,17387201,31645,925155,18344001,4172928076,7594965,222037089,107592834
434,15652456,30670,923777,16606903,3756589303,7360920,221706474,3985656697
435,8483629,36392,937793,9457814,2036071144,8733955,225070307,2269875406
436,61865225,33276,933427,62831928,1962752137,7986210,224022318,2194760665
437,14126438,35957,946410,15108805,3390345037,8629704,227138400,3626113141
438,11079775,35443,941312,12056530,2659146085,8506323,225914685,2893567093
439,5449119,32622,926753,6408494,1307788750,7829187,222420774,1538038711
440,10206735,32856,936903,11176494,2449616353,7885311,224856906,2682358570
441,1071631,31420,929782,2032833,257192365,7539744,223147821,487879930
442,9943424,32361,932465,10908250,2386421695,7766808,223791570,2617980073
443,21431731,32403,921730,22385864,848648238,7776753,221215116,1077640107
444,6028629,30716,923256,6982601,1446870736,7371930,221581422,1675824088
445,21962109,35252,940741,22938102,975938766,8460471,225777882,1210177119
446,11000690,31997,928366,11961053,2640165460,7679307,222807972,2870652739
447,13846761,33234,935395,14815390,3323222683,7976169,224494923,3555693775
448,22859821,31044,925376,23816241,1191389712,7450623,222090405,1420930740
449,10465858,32595,925036,11423489,2511805987,7822752,222008721,2741637460
450,7028896,31082,922606,7982584,1686935191,7459665,221425461,1915820317
451,22584658,36019,937717,23558394,1125351672,8643525,225052026,1359047223
452,21159394,33060,935138,22127592,783287298,7934319,224433099,1015654716
453,22847582,37719,950928,23836229,1188452502,9052485,228222759,1425727746
454,11674715,35437,937145,12647297,2801931724,8504886,224914794,3035351404
455,4303189,34035,930687,5267911,1032765340,8168400,223364787,1264298527
456,21047817,31826,932076,22011719,756508947,7638087,223698411,987845445
457,16147184,31012,926854,17105050,3875324248,7442856,222444819,4105211923
458,12451489,35914,941420,13428823,2988357367,8619285,225940875,3222917527
459,5114586,36777,951258,6102621,1227500686,8826456,228301851,1464628993
460,11182530,32801,935364,12150695,2683807009,7872291,224487351,2916166651
461,9718094,34794,940430,10693318,2332343548,8349588,225703401,2566396537
462,43273585,34112,926995,44234692,1795725968,8186751,222478734,2026391453
463,16422563,31296,916274,17370133,3941415118,7511076,219905691,4168831885
464,12281860,34373,941205,13257438,2947646431,8249634,225889134,3181785199
465,21820652,33545,936419,22790616,941989227,8050806,224740545,1174780578
466,4435628,38982,960357,5434967,1064550907,9355632,230485743,1304392282
467,6025091,33477,933656,6992224,1446021838,8034573,224077290,1678133701
468,11078920,30545,922656,12032121,2658940855,7330782,221437335,2887708972
469,7618784,33323,926258,8578365,1828507993,7997682,222301785,2058807460
470,12827022,35598,943317,13805937,3078485269,8543460,226395993,3313424722
471,14831652,36824,945655,15814131,3559597408,8836851,226957182,3795391441
472,22151285,37458,948024,23136767,1021341198,8989815,227525766,1257856779
473,22257371,31695,928446,23217512,1046801631,7606914,222826878,1277235423
474,10136717,31144,917623,11085484,2432812195,7474380,220229703,2660516278
475,1716290,36801,942502,2695593,411909592,8832105,226200639,646942336
476,7444296,35195,938662,8418153,1786630936,8446953,225278883,2020356772
477,7622481,34542,937866,8594889,1829395435,8290122,225087711,2062773268
478,48924816,34223,933023,49892062,3152021171,8213457,223925658,3384160286
479,8712373,35977,944300,9692650,2090969563,8634567,226631970,2326236100
480,24783467,33696,934047,25751210,1653064920,8087055,224171106,1885323081
481,43780114,32077,935396,44747587,1917293585,7697706,224494989,2149486280
482,16917205,31189,928811,17877205,4060129174,7485246,222914667,4290529087
483,21853595,32659,926724,22812978,949894567,7838268,222413736,1180146571
484,37814903,33132,937142,38785177,485641323,7951683,224913978,718506984
485,12223427,34166,939573,13197166,2933622463,8199783,225497469,3167319715
486,4186462,31394,927777,5145633,1004750857,7534554,222666477,1234951888
487,10236698,30514,918441,11185653,2456807638,7323267,220425999,2684556904
488,10420526,35977,942686,11399189,2500926202,8634552,226244502,2735805256
489,3151351,33711,934446,4119508,756324247,8090622,224266911,988681780
490,6832411,35800,939238,7807449,1639778608,8592153,225417174,1873787935
491,25794025,32545,928648,26755218,1895599626,7809975,222875562,2126285163
492,16559721,30484,918786,17508991,3974333185,7316028,220508688,4202157901
493,14368042,36524,948507,15353073,3448330114,8765748,227641695,3684737557
494,7977032,31490,926102,8934624,1914487765,7557600,222264567,2144309932
495,8610586,35009,944118,9589713,2066540617,8402217,226588260,2301531094
496,11194410,35155,938651,12168216,2686658305,8437071,225276252,2920371628
497,5272833,31638,930216,6234687,1265479921,7593186,223251687,1496324794
498,17979735,33460,936888,18950083,20169024,8030535,224853081,253052640
499,34108165,30655,926970,35065790,3890992257,7357041,222472968,4120822266
500,12609537,37950,944590,13592077,3026289013,9107835,226701681,3262098529
501,20764767,35454,948681,21748902,688577676,8508168,227683422,924769266
502,30391057,35876,933465,31360398,2998886508,8610105,224031630,3231528243
503,8564290,33919,934412,9532621,2055429610,8140602,224258742,2287828954
504,16223528,34359,938523,17196410,3893646790,8246046,225245436,4127138272
505,8826117,30585,917707,9774409,2118268135,7340295,220249641,2345858071
506,13384735,32896,933241,14350872,3212336341,7894926,223977990,3444209257
507,25088474,35859,938484,26062817,1726266420,8606232,225236109,1960108761
508,45030118,36636,952868,46019622,2217293582,8792673,228688338,2454774593
509,16252646,33179,945077,17230902,3900635095,7962981,226818471,4135416547
510,4674246,33312,937594,5645152,1121819065,7994856,225022632,1354836553
511,12604410,34255,944085,13582750,3025059328,8220132,226580346,3259859806
512,30676425,32811,938255,31647491,3067374750,7874601,225181044,3300430395
513,2169124,31615,924212,3124951,520589815,7587444,221811060,749988319
514,2072116,32160,933510,3037786,497307826,7718526,224042268,729068620
515,8165332,35260,950375,9150967,1959679639,8462526,228089847,2196232012
516,18026854,33762,936489,18997105,31477695,8102913,224757375,264337983
517,6595293,33466,927535,7556294,1582870462,8031717,222608463,1813510642
518,26852734,33719,939870,27826323,2149688802,8092599,225568830,2383350231
519,7634920,30560,925057,8590537,1832380777,7334514,222013587,2061728878
520,9205715,37564,953677,10196956,2209371457,9015438,228882372,2447269267
521,22543773,32331,926039,23502143,1115539176,7758402,222249468,1345547046
522,23951066,35392,942666,24929124,1453289573,8492902,226239894,1688022369
523,18441556,31579,921572,19394707,131006223,7578780,221177451,359762454
524,11563303,34997,946548,12544848,2775192721,8399364,227171430,3010763515
525,24673963,32947,934695,25641605,1626783819,7907277,224326806,1859017902
526,9169143,33640,929395,10132178,2200594213,8073687,223054806,2431722706
527,10320630,35627,945300,11301557,2476951078,8550570,226871919,2712373567
528,23853559,32640,932391,24818590,1429886892,7833558,223773990,1661494440
529,2201650,32258,930157,3164065,528396079,7741998,223237596,759375673
530,18319812,33784,934095,19287691,101787444,8108271,224182683,334078398
531,24274851,36242,940774,25251867,1530997716,8697180,225785724,1765480620
532,24275978,32673,925284,25233935,1531267383,7841571,222068244,1761177198
533,8245630,36350,946199,9228179,1978951165,8724030,227087805,2214763000
534,2938665,31711,932347,3902723,705279736,7610604,223763175,936653515
535,6299165,31256,917434,7247855,1511799697,7501281,220184322,1739485300
536,27237493,33113,938889,28209495,2242031166,7947018,225333300,2475311484
537,6105360,32413,925768,7063541,1465286284,7779273,222184155,1695249712
538,22865518,36495,945055,23847068,1192757061,8758698,226813170,1428328929
539,3715133,32637,922692,4670462,891631870,7832916,221445957,1120910743
540,31854350,31894,926808,32813052,3350076528,7654635,222433821,3580164984
541,19110386,37732,951269,20099387,291526149,9054768,228304581,528885498
542,8134958,33869,940808,9109635,1952390059,8128383,225793959,2186312401
543,13976970,37208,945840,14960018,3354472714,8929929,227001609,3590404252
544,5219246,36754,949860,6205860,1252619020,8821131,227966307,1489406458
545,17292493,30507,923039,18246039,4150198174,7321638,221529399,84081915
546,24050280,37927,944252,25032459,1477099935,9102486,226620381,1712822802
547,20551711,31716,928871,21512298,637443147,7611933,222929019,867984099
548,3292917,37626,945905,4276448,790300180,9030156,227017287,1026347623
549,7604110,37451,947551,8589112,1824986383,8988309,227412246,2061386938
550,24862634,34768,935778,25833180,1672064787,8344227,224586834,1904995848
551,5139455,32279,923120,6094854,1233470299,7745877,221548899,1462765075
552,36465981,34274,929938,37430193,161900669,8225865,223184991,393311525
553,10272528,31163,925100,11228791,2465406778,7479159,222023943,2694909880
554,24850590,32921,935855,25819366,1669174131,7901226,224605089,1901680446
555,6238498,34974,936366,7209838,1497239335,8393862,224727891,1730361088
556,15535324,34275,944184,16513783,3728477773,8226063,226604307,3963308143
557,9387715,35800,933756,10357271,2253051520,8592216,224101359,2485745095
558,14112122,32771,922900,15067793,3386909209,7864977,221495949,3616270135
559,14356255,31270,921493,15309018,3445501165,7504755,221158410,3674164330
560,52857324,31214,925758,53814296,4095823268,7491417,222181872,30529261
561,41036881,35292,937815,42009988,1258917671,8469294,225075636,1492462601
562,23819263,32038,923164,24774465,1421655897,7689165,221559405,1650904467
563,7211265,30939,922124,8164328,1730703667,7425417,221309562,1959438646
564,2886372,37335,945211,3868918,692729362,8960268,226850655,928540285
565,19890823,34119,929245,20854187,478830252,8188338,223018887,710037477
566,12396306,32923,934732,13363961,2975113489,7901484,224335644,3207350617
567,13602830,35596,945006,14583432,3264679339,8543103,226801428,3500023870
568,28354047,31018,929262,29314327,2510004057,7444329,223022748,2740471134
569,44633876,32156,932476,45598508,2122195592,7717407,223794246,2353707245
570,2931324,34332,934464,3900120,703517704,8239680,224271417,936028801
571,9882702,35464,940854,10859020,2371849399,8510577,225804840,2606164816
572,13767359,32109,931673,14731141,3304166176,7706250,223601325,3535473751
573,8645463,35211,942949,9623623,2074911175,8450526,226307793,2309669494
574,6167981,34514,929326,7131821,1480315420,8283234,223038231,1711636885
575,7405873,33466,934490,8373829,1777409491,8031747,224277567,2009718805
576,30159866,35734,948523,31144123,2943400563,8576226,227645631,3179622420
577,5834994,34250,930454,6799698,1400398672,8219883,223308924,1631927479
578,15760434,32796,925336,16718566,3782504167,7871085,222080547,4012455799
579,5980111,31893,930638,6942642,1435226698,7654254,223353135,1666234087
580,10180381,30618,923984,11134983,2443291330,7348485,221756067,2672395882
581,33742707,35609,938629,34716945,3803283459,8545260,225270768,4037099487
582,7182571,35124,941648,8159343,1723816918,8429880,225995418,1958242216
583,4228531,34338,939587,5202456,1014847408,8240976,225501045,1248589429
584,11383032,32670,929199,12344901,2731927831,7840845,223007598,2962776274
585,14253682,35932,936268,15225882,3420883585,8623842,224704299,3654211726
586,10211552,37635,943360,11192547,2450772403,9032601,226406373,2686211377
587,24670111,32017,925016,25627144,1625859321,7684128,222003933,1855547382
588,9249369,31914,927357,10208640,2219848639,7659450,222565677,2450073766
589,10994724,31161,917644,11943529,2638733938,7478541,220234479,2866446958
590,9569987,35546,959789,10565322,2296797007,8530986,230349414,2535677407
591,42780850,32217,924357,43737424,1677470387,7731183,221845653,1907047223
592,12278144,33178,933892,13245214,2946754651,7962762,224134005,3178851418
593,22988114,35816,948763,23972693,1222180083,8595750,227703036,1458478869
594,8423526,33973,938572,9396071,2021646217,8153373,225257292,2255056882
595,10027167,34128,932988,10994283,2406520099,8190615,223917093,2638627807
596,11717581,37268,948620,12703469,2812219522,8944239,227668824,3048832585
597,6550008,31140,927333,7508481,1572002038,7473561,222559788,1802035387
598,23504472,34635,943166,24482273,1346105793,8312586,226359717,1580778096
599,7984783,32884,938599,8956266,1916347795,7892136,225263790,2149503721
600,7845025,33705,926587,8805317,1882805872,8089218,222380823,2113275913
601,12625601,33338,933989,13592928,3030145183,8000211,224157342,3262302736
602,7657151,33259,923821,8614231,1837716328,7982148,221716992,2067415468
603,21685054,36736,948788,22670578,909445740,8816646,227709039,1145971425
604,10287247,30984,921614,11239845,2468939344,7436151,221187396,2697562891
605,14770611,32392,925737,15728740,3544946614,7774098,222176979,3774897691
606,28002414,32847,925743,28961004,2425612182,7883328,222178185,2655673695
607,16165626,32025,934244,17131895,3879750163,7685931,224218572,4111654666
608,30366061,32262,935032,31333355,2992887372,7742823,224407572,3225037767
609,11156612,31464,932852,12120928,2677586944,7551228,223884468,2909022640
610,27418868,32316,929404,28380588,2285560932,7755942,223056885,2516373759
611,11294522,37906,952510,12284938,2710686115,9096576,228602277,2948384968
612,19243973,30683,923241,20197897,323586237,7363872,221577852,552527961
613,21982559,31353,921648,22935560,980847018,7524759,221195325,1209567102
614,6527195,34925,930879,7492999,1566526804,8381889,223411149,1798319842
615,16717372,34757,939341,17691470,4012169230,8341635,225441840,4245952705
616,22652662,32133,938708,23623503,1141671417,7712043,225289788,1374673248
617,12301012,33878,928608,13263498,2952242803,8130708,222865887,3183239398
618,11812161,30730,925260,12768151,2834918713,7375008,222062613,3064356334
619,8909581,34598,932497,9876676,2138299372,8303634,223799184,2370402190
620,13983619,37423,949000,14970042,3356068501,8981559,227759871,3592809931
621,5381469,30902,918008,6330379,1291553554,7415556,220321950,1519291060
622,35137600,37396,964769,36139765,4138056624,8975256,231544401,83608985
623,24682007,35645,941898,25659550,1628714298,8554773,226055430,1863324501
624,10530276,34229,936980,11501485,2527266151,8215056,224875131,2760356338
625,12277080,33858,939687,13250625,2946499204,8125776,225524865,3180149845
626,44512243,32508,934988,45479739,2093003864,7801797,224397063,2325202724
627,27084830,35328,946935,28067093,2205391863,8478798,227264337,2441134998
628,19462863,34795,943942,20441600,376119891,8350896,226546101,611016888
629,7094244,33567,931220,8059031,1702618576,8056080,223492662,1934167318
630,6537119,33185,935258,7505562,1568908534,7964478,224461794,1801334806
631,8789965,35013,943893,9768871,2109592552,8402250,226534227,2344529029
632,2814185,33196,927570,3774951,675404398,7967103,222616764,905988265
633,7389537,37849,950984,8378370,1773489013,9083724,228236160,2010808897
634,15025690,33718,932430,15991838,3606165562,8092527,223783098,3838041187
635,11713814,34406,934693,12682913,2811315442,8257536,224326161,3043899139
636,26866072,36453,945863,27848388,2152889994,8748639,227007096,2388645729
637,3744019,39574,962255,4745848,898564426,9497793,230941383,1139003602
638,14373624,33935,943013,15350572,3449669854,8144391,226323168,3684137413
639,22917010,36788,948087,23901885,1205115138,8829180,227540730,1441485048
640,18525833,32745,931114,19489692,151232637,7858764,223467348,382558749
641,25376140,33732,935457,26345329,1795307157,8094762,224509722,2027911641
642,14289271,32621,932311,15254203,3429425095,7828953,223754814,3661008862
643,29528251,31363,920864,30480478,2791812831,7527108,221007408,3020347347
644,11947144,35177,941386,12923707,2867314657,8442498,225932574,3101689729
645,39297685,34222,934609,40266516,841509878,8213169,224306385,1074029432
646,8661030,31094,929620,9621744,2078647150,7462605,223108719,2309218474
647,33003102,33250,928806,33965158,3625777188,7979874,222913485,3856670547
648,12513051,34341,941957,13489349,3003132400,8241660,226069698,3237443758
649,10223829,36467,939016,11199312,2453718880,8752182,225363858,2687834920
650,23178401,30996,916661,24126058,1267848819,7439028,219998691,1495286538
651,31740545,35349,942972,32718866,3322764414,8482881,226313250,3557560545
652,13494315,35193,945766,14475274,3238635703,8446308,226983924,3474065935
653,9619568,34336,937920,10591824,2308696315,8240595,225100785,2542037695
654,22701637,32220,924729,23658586,1153425573,7732839,221935086,1383093498
655,7099758,38381,955027,8093166,1703942026,9211344,229206459,1942359829
656,9144609,31463,922836,10098908,2194706194,7550964,221480781,2423737939
657,6502121,36911,943398,7482430,1560509098,8858673,226415337,1795783108
658,21330603,30860,925798,22287261,824377260,7406442,222191538,1053975240
659,32796184,32219,934105,33762508,3576116865,7732371,224185236,3808034472
660,10618001,32705,934117,11584823,2548320148,7849275,224187882,2780357305
661,11531302,30853,926376,12488531,2767513411,7403613,222330246,2997247270
662,34916726,32214,925764,35874704,4085046987,7731342,222183315,19994348
663,60270181,31917,929296,61231394,1579941580,7660068,223031034,1810632682
664,2505810,33705,936829,3476344,601394347,8089077,224839140,834322564
665,54831403,31771,929325,55792499,274634704,7625016,223038045,505297765
666,18376430,32538,927706,19336674,115375872,7808979,222649404,345834255
667,18552930,33718,940951,19527599,157735872,8092263,225828210,391656345
668,18760491,35235,950702,19746428,207550395,8456433,228168501,444175329
669,4375697,32720,928034,5336451,1050167251,7852710,222728364,1280748325
670,8552906,36095,940688,9529689,2052697501,8662710,225765132,2287125343
671,7164850,34216,934133,8133199,1719564919,8210946,224191818,1951967683
672,22733134,32645,932092,23697871,1160984859,7834728,223701987,1392521574
673,12420870,34840,938524,13394234,2981008870,8361396,225245829,3214616095
674,16217571,30851,919577,17167999,3892217062,7404273,220698405,4120319740
675,14227820,34169,943281,15205270,3414676957,8200581,226387260,3649264798
676,5332014,35027,941740,6308781,1279683508,8406396,226017696,1514107600
677,2173516,35523,935715,3144754,521643811,8525541,224571630,754740982
678,10593424,36674,946857,11576955,2542421689,8801745,227245710,2778469144
679,3357724,30562,921233,4309519,805853785,7334943,221095980,1034284708
680,14523955,31565,928744,15484264,3485749366,7575483,222898614,3716223463
681,3144699,32134,931794,4108627,754728718,7711149,223630452,986070319
682,6253390,36804,951771,7241965,1500813580,8833032,228424812,1738071424
683,6013488,34104,929694,6977286,1443237007,8185053,223126668,1674548728
684,28309833,31615,928073,29269521,2499392772,7587513,222737574,2729717859
685,14195332,30599,923219,15149150,3406879666,7343898,221572368,3635795932
686,19999820,35425,942836,20978081,504989439,8501991,226280787,739772217
687,25113757,35233,939070,26088060,1732334307,8455947,225376827,1966167081
688,20438631,30861,928649,21398141,610304091,7406517,222875757,840586365
689,17106678,36927,943408,18087013,4105602622,8862543,226417833,45915702
690,40399228,34673,937305,41371206,1105880120,8321487,224953095,1339154702
691,35939165,33504,935053,36907722,35466041,8039859,224412897,267918797
692,19991825,33080,935021,20959926,503070708,7939146,224405070,735414924
693,12440072,34039,933595,13407706,2985617110,8169453,224062794,3217849357
694,11129870,31811,922556,12084237,2671168858,7634613,221413473,2900216944
695,39849584,34080,942246,40825910,973965464,8179158,226139190,1208283812
696,8193571,34758,937031,9165360,1966457053,8342067,224887437,2199686557
697,7609538,31462,921847,8562847,1826289019,7550970,221243235,2055083224
698,4640283,35982,941418,5617683,1113668041,8635551,225940410,1348244002
699,16087189,34425,937887,17059501,3860925346,8261988,225093096,4094280430
700,27385000,31166,922496,28338662,2277432789,7479873,221398920,2506311582
701,2565162,30991,925186,3521339,615639811,7436928,222044637,845121376
702,10189923,30561,922683,11143167,2445581506,7334787,221443938,2674360231
703,10027715,34493,932329,10994537,2406651763,8278224,223758912,2638688899
704,13116637,32433,925701,14074771,3147992824,7783866,222168228,3377944918
705,20632865,30977,918383,21582225,656920419,7434414,220411923,884766756
706,25980224,34832,931775,26946831,1940286330,8359692,223625943,2172271965
707,14168140,35712,941910,15145762,3400353406,8570865,226058514,3634982785
708,20433570,30836,933552,21397958,609089478,7400658,224052462,840542598
709,11442917,32753,930539,12406209,2746300030,7860663,223329345,2977490038
710,8115876,32462,935945,9084283,1947810274,7790700,224626779,2180227753
711,7642428,33762,932838,8609028,1834183759,8101914,223881108,2066166781
712,13150691,32593,925138,14108422,3156165814,7822440,222033102,3386021356
713,8094709,36039,951040,9081788,1942730167,8649426,228249621,2179629214
714,36783426,33250,934899,37751575,238087748,7979931,224375895,470443574
715,11972029,36020,947855,12955904,2873286991,8644725,227485206,3109416922
716,29122024,30603,922437,30075064,2694318327,7344723,221385051,2923048101
717,8484914,36765,951158,9472837,2036379511,8823441,228277986,2273480938
718,28065354,30952,923283,29019589,2440717611,7428618,221587836,2669734065
719,4335504,33616,935531,5304651,1040521027,8067681,224527449,1273116157
720,1937558,31803,924355,2893716,465013786,7632870,221845044,694491700
721,4271072,35651,947323,5254046,1025058331,8555241,227357607,1260971179
722,11633186,34150,941972,12609308,2791964656,8196156,226073259,3026234071
723,3725016,35703,952577,4713296,894003718,8568723,228618513,1131190954
724,27396595,37251,945050,28378896,2280215514,8940099,226812042,2515967655
725,28637294,32874,938247,29608415,2577983259,7889553,225179322,2811052134
726,19472611,31382,927486,20431479,378459249,7531818,222596568,608587635
727,6765363,35581,947185,7748129,1623687130,8539380,227324286,1859550796
728,27597086,36176,949124,28582386,2328333420,8682273,227789559,2564805252
729,49295744,33312,931898,50260954,3241044023,7994685,223655730,3472694438
730,7646590,37536,954783,8638909,1835181505,9008622,229147992,2073338119
731,16763897,37199,953819,17754915,4023336127,8926935,228916491,4261179553
732,12621715,31092,922075,13574882,3029211697,7462131,221298030,3257971858
733,3180449,33588,930366,4144403,763307890,8061090,223287648,994656628
734,11029641,36340,943214,12009195,2647113745,8721594,226371561,2882206900
735,5427433,37312,940292,6405037,1302583885,8955009,225669849,1537208743
736,63243980,31830,928196,64204006,2293653298,7639176,222767001,2524059475
737,11034068,33312,922693,11990073,2648176231,7994967,221446170,2877617368
738,11392417,31132,923442,12346991,2734180024,7471629,221626131,2963277784
739,12672000,32606,927195,13631801,3041280184,7825467,222526716,3271632367
740,14640051,33031,931851,15604933,3513612307,7927350,223644342,3745183999
741,20220904,35280,943680,21199864,558050649,8466126,226483386,793000161
742,8371126,30487,922586,9324199,2009070292,7316877,221420550,2237807719
743,4074194,33733,931971,5039898,977806432,8095926,223673151,1209575509
744,16239786,34620,946374,17220780,3897548638,8308800,227129877,4132987315
745,7818468,36282,940208,8794958,1876432339,8707494,225649902,2110789735
746,33565754,31072,925912,34522738,3760813788,7457208,222218823,3990489819
747,8823160,36108,947317,9806585,2117558563,8665746,227356053,2353580362
748,30250078,36511,944292,31230881,2965051443,8762559,226630023,3200444025
749,8638932,36374,951784,9627090,2073343573,8729781,228428091,2310501445
750,13210311,31490,926637,14168438,3170474515,7557711,222392892,3400425118
751,4049701,31868,930115,5011684,971929024,7647504,223227612,1202804140
752,23653298,33063,934093,24620454,1381824027,7935198,224182326,1613941551
753,8176814,36612,950673,9164099,1962435304,8786961,228161298,2199383563
754,4841067,33069,930173,5804309,1161856069,7936539,223241712,1393034320
755,6226325,31194,927700,7185219,1494318094,7486416,222648021,1724452531
756,6094547,37234,944952,7076733,1462691083,8936292,226788489,1698415864
757,10780581,34895,934987,11750463,2587339435,8374980,224396688,2820111103
758,31608671,31071,915619,32555361,3291113760,7456971,219748593,3518319324
759,28927401,33641,938893,29899935,2647608942,8073999,225334191,2881017132
760,3214095,32083,933320,4179498,771382801,7699779,223996983,1003079563
761,14742793,32461,940568,15715822,3538271218,7789881,225736182,3771797281
762,9428629,33730,934049,10396408,2262871051,8095086,224171670,2495137807
763,11764411,37893,948011,12750315,2823458548,9094494,227522556,3060075598
764,8495009,32392,929976,9457377,2038802188,7773993,223194219,2269770400
765,17849520,33870,937731,18821121,4283884729,8128737,225055560,222101730
766,12603868,34859,939487,13578214,3024928366,8366076,225476982,3258771424
767,13166430,31370,936644,14134444,3159943045,7528929,224794521,3392266495
768,6690830,34158,928573,7653561,1605799141,8197815,222857637,1836854593
769,12097147,31731,918532,13047410,2903315332,7615545,220447551,3131378428
770,32945997,31203,929031,33906231,3612072078,7488570,222967461,3842528109
771,25400506,37596,947934,26386036,1801155282,9021954,227504280,2037681516
772,11724155,31619,924354,12680128,2813797099,7588587,221845062,3043230748
773,13357902,37262,947891,14343055,3205896535,8942751,227493798,3442333084
774,31238425,31744,930434,32200603,3202254783,7618473,223304091,3433177347
775,21505316,35275,927840,22468431,866308635,8465871,222681501,1097456007
776,7144499,33150,926860,8104509,1714679890,7955955,222446385,1945082230
777,2404475,36492,939984,3380951,577073932,8758161,225596139,811428232
778,13484882,31293,928662,14444837,3236371636,7510269,222878847,3466760752
779,6604123,32867,930603,7567593,1584989437,7887942,223344771,1816222150
780,36653999,30797,920220,37605016,207025238,7391313,220852767,435269318
781,5007818,30710,922883,5961411,1201877113,7369644,221491695,1430738452
782,21060655,36401,949051,22046107,759590031,8736213,227772291,996098535
783,1483621,33181,932719,2449521,356069110,7963374,223852413,587884897
784,32216445,32031,923676,33172152,3436979409,7687581,221682165,3666349155
785,10624795,34517,938525,11597837,2549950801,8284092,225245907,2783480800
786,11123494,34515,945158,12103167,2669639326,8282661,226837986,2904759973
787,19207134,33859,939941,20180934,314745792,8125152,225585810,548456754
788,10434823,30712,913273,11378808,2504358526,7369881,219185499,2730913906
789,12106362,36300,950804,13093466,2905526935,8711853,228193101,3142431889
790,7390547,31582,922705,8344834,1773731242,7579665,221449248,2002760155
791,11670817,30940,918147,12619904,2800996963,7424559,220355409,3028776931
792,21900416,32272,923335,22856023,961132536,7745193,221600463,1190478192
793,18530770,32519,936859,19500148,152417607,7805361,224845248,385068216
794,21482241,31035,923013,22436289,860770449,7449288,221522316,1089742053
795,7031345,34216,939778,8005339,1687522804,8211816,225546765,1921281385
796,17662173,36328,949419,18647920,4238921518,8718522,227860548,180533292
797,10336166,30784,922897,11289847,2480679946,7388106,221496296,2709564348
798,12514043,30626,926813,13471482,3003370396,7350288,222436142,3233156826
799,19194958,38746,954224,20187928,311822769,9298872,229014839,550136480
800,21786948,32233,930881,22750062,933900252,7735926,223411524,1165047702
801,17801435,35174,944419,18781028,4272345355,8440938,226660551,212479548
802,46049427,35080,945654,47030161,2461927901,8419188,226956882,2697303971
803,6030243,35533,948815,7014591,1447258228,8528055,227715591,1683501874
804,39506424,33328,934275,40474027,891607166,7998843,224226012,1123832021
805,30257396,34570,937913,31229879,2966807772,8296812,225099210,3200203794
806,21832053,34956,934287,22801296,944725518,8389356,224228823,1177343697
807,5909634,34317,941040,6884991,1418312179,8236095,225849606,1652397880
808,26525382,38703,951441,27515526,2071124421,9288729,228345912,2308759062
809,19457133,30952,926476,20414561,374744721,7428297,222354270,604527288
810,27007351,35682,947419,27990452,2186796774,8563722,227380674,2422741170
811,36654052,34654,945791,37634497,207038786,8316123,226989846,442344755
812,31247443,33648,941202,32222293,3204419001,8075721,225888342,3438383064
813,15954753,33281,934837,16922871,3829140583,7987419,224360889,4061488891
814,13973367,31278,934398,14939043,3353608120,7506615,224255532,3585370267
815,37214122,32195,929421,38175738,341454563,7726764,223061229,572242556
816,47685380,33270,929052,48647702,2854556741,7984674,222972531,3085513946
817,3209886,32115,936150,4178151,770372674,7707630,224676063,1002756367
818,8543075,36060,946013,9525148,2050337950,8654415,227043240,2286035605
819,22996596,32464,931605,23960665,1224215679,7791501,223585155,1455592335
820,30592876,35830,945721,31574427,3047323047,8599221,226973037,3282895305
821,8607676,33361,946123,9587160,2065843102,8005803,227069538,2300918443
822,29070324,33458,928430,30032212,2681910492,8029932,222823254,2912763678
823,27630942,36187,940418,28607547,2336458926,8684868,225700176,2570843970
824,12444876,34791,946486,13426153,2986770145,8349960,227156604,3222276709
825,32653640,30965,920841,33605446,3541906341,7431570,221001930,3770339841
826,6664936,32050,928089,7625075,1599584533,7692006,222741423,1830017962
827,23029123,36549,950071,24015743,1232022303,8771676,228017178,1468811157
828,15545620,33723,942697,16522040,3730948678,8093658,226247199,3965289535
829,10876305,32262,941237,11849804,2610313348,7742889,225896784,2843953021
830,8372061,31525,917804,9321390,2009294686,7566120,220272840,2237133646
831,1978448,30751,919477,2928676,474828364,7379388,220674384,702882136
832,12836547,34927,946035,13817509,3080771245,8382555,227048415,3316202215
833,5533345,36251,945356,6514952,1328002900,8700300,226885236,1563588436
834,17090045,35102,943620,18068767,4101610849,8424531,226468764,41536848
835,10963938,30736,917018,11911692,2631345091,7376787,220084248,2858806126
836,24320275,34158,936785,25291218,1541898597,8197893,224828448,1774924938
837,58405098,34005,939958,59379061,1132321615,8161059,225589923,1366072597
838,54313876,34005,934918,55282799,150428239,8161380,224380299,382969918
839,1829372,31847,921440,2782659,439049146,7643238,221145738,667838122
840,9521563,37892,949360,10508815,2285175043,9094299,227846220,2522115562
841,13623579,32477,932154,14588210,3269659693,7793541,223717065,3501170299
842,18828157,30939,919096,19778192,223790373,7425276,220583121,451798770
843,16588837,36102,942016,17566955,3981320737,8664621,226083705,4216069063
844,23158508,33939,938834,24131281,1263074577,8145252,225320247,1496540076
845,28287981,35846,940896,29264723,2494148016,8602965,225815193,2728566174
846,18193175,33942,940445,19167562,71394912,8145987,225706827,305247726
847,26159563,34605,934682,27128850,1983327885,8305299,224323683,2215956867
848,5394968,36736,948282,6379986,1294792438,8816496,227587785,1531196719
849,14059543,36038,941889,15037470,3374290429,8649096,226053381,3608992906
850,21318018,38033,951822,22307873,821356971,9127821,228437388,1058922180
851,32433510,31751,921409,33386670,3489076011,7619373,221138094,3717833478
852,9983695,31170,932152,10947017,2396086933,7480704,223716510,2627284147
853,16525465,36176,944976,17506617,3966111592,8682060,226794354,4201588006
854,24994616,34502,942068,25971186,1703740680,8280456,226096296,1938117432
855,31615051,30488,918956,32564495,3292645143,7317114,220549290,3520511547
856,46068059,32661,929751,47030471,2466399641,7838685,223140126,2697378452
857,14373483,33806,937773,15345062,3449635939,8113473,225065562,3682814974
858,12547727,31788,929065,13508580,3011454370,7629123,222975708,3242059201
859,8883880,30650,925632,9840162,2132131276,7356120,222151665,2361639061
860,12207040,31782,932170,13170992,2929689502,7627698,223720812,3161038012
861,30415077,31172,929510,31375759,3004652187,7480326,223082289,3235214802
862,2113617,32753,933231,3079601,507268063,7860807,223975401,739104271
863,13388340,33707,933728,14355775,3213201754,8089530,224094711,3445385995
864,14742073,30842,916167,15689082,3538097521,7402086,219880065,3765379672
865,9666325,36618,941610,10644553,2319918151,8788347,225986400,2554692898
866,15942463,37397,952944,16932804,3826191223,8975259,228706464,4063872946
867,21872251,36129,947049,22855429,954372810,8671128,227291763,1190335701
868,41561990,33534,931282,42526806,1384943021,8048190,223507677,1616498888
869,4715804,38087,948837,5702728,1131793069,9140919,227720856,1368654844
870,7419203,31976,931584,8382763,1780608553,7674348,223580151,2011863052
871,13014487,34572,941923,13990982,3123477640,8296527,226061376,3357835543
872,14510213,34633,937481,15482327,3482451196,8311827,224995488,3715758511
873,10229476,31938,921601,11183015,2455074217,7665312,221184264,2683923793
874,42146649,33340,943928,43123917,1525261097,8001774,226542588,1759805459
875,35426489,33561,931323,36391373,4207390203,8054505,223517460,143994872
876,19523051,30868,937883,20491802,390564954,7408407,225091998,623065359
877,24602963,33675,934248,25570886,1609743807,8082084,224219517,1842045408
878,9523355,31691,931484,10486530,2285605186,7605807,223556298,2516767291
879,23276672,31663,923650,24231985,1291434114,7599066,221675934,1520709114
880,27257274,35353,936224,28228851,2246778423,8484852,224693592,2479956867
881,34128960,34974,934539,35098473,3895984176,8392791,224289231,4128666198
882,19394821,35438,944341,20374600,359789676,8505327,226641753,594936756
883,19772985,33140,929230,20735355,450549150,7953549,223015254,681517953
884,15343959,32319,932170,16308448,3682549945,7756668,223720758,3914027371
885,11324640,31669,931011,12287320,2717913454,7600665,223442481,2948956600
886,28561078,34652,941077,29536807,2559691413,8316414,225858438,2793866265
887,11244154,37935,951198,12233287,2698596814,9104361,228287628,2935988803
888,1948692,33871,929294,2911857,467686105,8129085,223030536,698845726
889,13677394,35820,950377,14663591,3282574534,8596806,228090345,3519261685
890,23137677,33269,934662,24105608,1258075164,7984623,224318793,1490378580
891,9958373,32543,930763,10921679,2390010508,7809480,223383174,2621203162
892,10142283,33159,928807,11104249,2434149004,7957209,222913587,2665019800
893,5385831,34592,940689,6361112,1292599294,8302170,225765408,1526666872
894,18318781,32804,929353,19280938,101540283,7873929,223043580,332457792
895,20286535,31242,925439,21243216,573801048,7499151,222104361,803404560
896,12680874,34920,940228,13656022,3043409851,8381712,225653805,3277445368
897,17817467,33852,929961,18781280,4276192084,8124558,223191482,212540828
898,17782328,31786,919406,18733520,4267758709,7628607,220658384,201078404
899,17265619,31294,920395,18217308,4143748489,7510584,220895747,77187524
900,27058538,34972,952229,28045739,2199081747,8393310,228534918,2436009975
901,27178392,33047,923439,28134878,2227847721,7930497,221625240,2457403458
902,23432846,33360,941649,24407855,1328915649,8006517,225995823,1562917989
903,28497836,32347,936334,29466517,2544513225,7763316,224720112,2776996653
904,9118897,33244,935315,10087456,2188535191,7978569,224475684,2420989444
905,20480429,36060,943239,21459728,620335827,8654397,226377315,855367539
906,12444250,37653,949663,13431566,2986619905,9036768,227919186,3223575859
907,25535476,33458,935251,26504185,1833546927,8030058,224460030,2066037015
908,21771899,34164,943974,22750037,930288504,8199294,226553766,1165041564
909,20122845,31314,921273,21075432,534515592,7515348,221105556,763136496
910,18484206,33709,931509,19449424,141241956,8090136,223562223,372894315
911,11375060,30780,919276,12325116,2730015415,7386267,220626087,2958027769
912,26695188,31299,929411,27655898,2111877747,7511871,223058511,2342448129
913,25910322,32400,929509,26872231,1923509826,7776159,223082007,2154367992
914,18389112,38876,949815,19377803,118419687,9330144,227955468,355705299
915,10670791,34626,935858,11641275,2560989796,8310195,224605980,2793905971
916,5724198,35176,945327,6704701,1373807605,8442300,226878534,1609128439
917,3901146,35359,943262,4879767,936275035,8486142,226383015,1171144192
918,24321367,34040,937586,25292993,1542160800,8169711,225020511,1775351022
919,10686625,32742,926068,11645435,2564789917,7858041,222256317,2794904275
920,4137349,31778,919880,5089007,992963701,7626870,220771116,1221361687
921,14178320,35203,932476,15145999,3402797791,8447871,223794261,3635039923
922,44074469,34976,933340,45042785,1987937990,8394021,224001732,2220333743
923,2332251,31200,926350,3289801,559740376,7487922,222323955,789552253
924,10465609,31332,919829,11416770,2511746236,7519701,220758975,2740024912
925,5004154,33483,938579,5976216,1200996958,8035854,225258936,1434291748
926,10584300,33836,939353,11557489,2540232016,8120694,225444675,2773797385
927,2428840,32919,932138,3393897,582921790,7900515,223713045,814535350
928,7255987,32691,930610,8219288,1741436776,7845954,223346298,1972629028
929,13588222,34127,937904,14560253,3261173170,8190396,225097128,3494460694
930,6598263,35752,941398,7575413,1583583157,8580621,225935472,1818099250
931,15026999,32216,931074,15990289,3606480748,7730874,223457868,3837669490
932,9776641,30512,920975,10728128,2346393706,7322802,221034081,2574750589
933,6019973,31737,920497,6972207,1444793440,7616877,220919364,1673329681
934,9273514,36614,944079,10254207,2225643340,8787381,226578960,2461009681
935,18611256,32101,924795,19568152,171734076,7704258,221950680,401389014
936,18825546,35195,954465,19815206,223163598,8446851,229071543,460681992
937,35442934,35264,939636,36417834,4211336988,8463429,225512466,150345587
938,9106602,34363,938655,10079620,2185584460,8247171,225277119,2419108750
939,6524293,35399,946716,7506408,1565830279,8495685,227211753,1801537717
940,5398640,31590,931657,6361887,1295673634,7581630,223597557,1526852821
941,14125411,35136,939294,15099841,3390099511,8431713,225430644,3623961868
942,1656995,32920,927475,2617390,397678915,7900749,222593976,628173640
943,22939739,33829,940661,23914229,1210569903,8119131,225758514,1444447548
944,5380612,30967,926323,6337902,1291346701,7432170,222317514,1521096385
945,21774973,36237,942957,22754167,931026183,8696886,226309629,1166032698
946,12075372,32321,936182,13043875,2898089362,7756968,224683848,3130530178
947,4718179,34496,938011,5690686,1132362913,8279097,225122625,1365764635
948,10436076,34737,936402,11407215,2504658277,8336940,224736498,2737731715
949,27620187,32934,927277,28580398,2333877573,7904376,222546366,2564328315
950,6481311,35258,943560,7460129,1555514482,8461974,226454430,1790430886
951,51496747,34377,935174,52466298,3769285613,8249688,224441787,4001977088
952,39740473,30929,924010,40695412,947779043,7422804,221762520,1176964367
953,10540207,35446,941518,11517171,2529648560,8507082,225964383,2764120025
954,9080536,31748,920677,10032961,2179327685,7619595,220962393,2407909673
955,22802747,31698,919636,23754081,1177692093,7607508,220712664,1406012265
956,42381381,34764,943730,43359875,1581597011,8343207,226495188,1816435406
957,16326297,30570,928324,17285191,3918311200,7336773,222797796,4148445769
958,21955741,34668,938678,22929087,974410419,8320272,225282735,1208013426
959,23852736,33392,944236,24830364,1429689321,8014035,226616727,1664320083
960,4483714,33735,932649,5450098,1076091289,8096265,223835949,1308023503
961,3852986,35382,936385,4824753,924717703,8490534,224732469,1157940706
962,5357073,32766,930282,6320121,1285697428,7863882,223267674,1516828984
963,16088867,34468,943288,17066623,3861327982,8272374,226389114,4095989470
964,13748492,33873,935407,14717772,3299638066,8129559,224497710,3532265335
965,21480048,36678,934957,22451683,860244153,8802684,224389749,1093436586
966,30800923,33198,930730,31764851,3097254069,7967583,223375134,3328596786
967,8458111,36567,944304,9438982,2029946452,8776209,226633038,2265355699
968,30599428,30885,918134,31548447,3048895359,7412370,220352151,3276659880
969,35949959,33352,935921,36919232,38055509,8004426,224621061,270680996
970,17151894,30686,924533,18107113,4116454510,7364664,221887941,50739819
971,14287296,33552,935497,15256345,3428952010,8051394,224519277,3661522681
972,6004640,32116,922486,6959242,1441113700,7707777,221396514,1670217991
973,21086674,35917,957143,22079734,765834399,8620092,229714233,1004168724
974,16417724,30676,927355,17375755,3940253821,7362330,222565170,4170181321
975,23988316,33624,929057,24950997,1462228503,8069676,222973767,1693271946
976,28741235,32135,925458,29698828,2602929096,7712547,222109869,2832751512
977,21469188,32254,937465,22438907,857637924,7740813,224991555,1090370292
978,22822527,35369,935828,23793724,1182439281,8488536,224598756,1415526573
979,14339646,35528,943751,15318925,3441515101,8526726,226500312,3676542139
980,14470434,33103,933568,15437105,3472904269,7944624,224056296,3704905189
981,8807872,37269,951265,9796406,2113890271,8943720,228303492,2351137483
982,15395294,33216,935689,16364199,3694870600,7971720,224565384,3927407704
983,11244908,35600,942170,12222678,2698777852,8544021,226120713,2933442586
984,11339130,32213,934710,12306053,2721391042,7731255,224330322,2953452619
985,5575824,31919,931195,6538938,1338197734,7660608,223486659,1569345001
986,42249398,33663,929757,43212818,1549921037,8078925,223141659,1781141621
987,19271004,34376,934850,20240230,330073563,8250222,224364000,562687785
988,3663628,33917,940061,4637606,879270655,8140068,225614667,1113025390
989,5285030,34476,934634,6254140,1268407063,8274174,224312172,1500993409
990,32224441,37552,952027,33214020,3438898596,9012420,228486423,3676397439
991,34199230,30901,932342,35162473,3912848805,7415373,223761987,4144026165
992,14574868,34257,941496,15550621,3497968408,8221506,225959238,3732149152
993,22302615,34134,940018,23276767,1057660152,8192256,225604143,1291456551
994,11354197,32315,928861,12315373,2725007422,7755621,222926436,2955689479
995,23909513,35243,940192,24884948,1443314974,8458290,225645981,1677419245
996,13514667,35662,937000,14487329,3243518975,8558841,224880126,3476957942
997,11923006,30809,921411,12875226,2861521459,7394238,221138697,3090054394
998,31288597,31844,923532,32243973,3214295907,7642725,221647506,3443586138
999,24575443,33049,936051,25544543,1603138911,7931718,224652360,1835722989
