iter,keypair_us,enc_us,dec_us,total_us,keypair_cycles,enc_cycles,dec_cycles,total_cycles
0,5179,6241,7731,19151,1242894,1497820,1855367,4596081
1,5177,6235,7725,19137,1242595,1496372,1853919,4592886
2,5177,6230,7729,19136,1242445,1495196,1855071,4592712
3,5180,6232,7731,19143,1243120,1495703,1855551,4594374
4,5180,6233,7732,19145,1243261,1495883,1855689,4594833
5,5183,6236,7735,19154,1243966,1496591,1856412,4596969
6,5181,6235,7733,19149,1243498,1496207,1856115,4595820
7,5178,6240,7734,19152,1242646,1497485,1856241,4596372
8,5176,6238,7734,19148,1242268,1497236,1855935,4595439
9,5173,6235,7729,19137,1241353,1496402,1854930,4592685
10,5172,6235,7729,19136,1241407,1496459,1854945,4592811
11,5176,6238,7727,19141,1242151,1497077,1854624,4593852
12,5180,6238,7727,19145,1243165,1497026,1854531,4594722
13,5179,6237,7727,19143,1243069,1496843,1854387,4594299
14,5181,6233,7733,19147,1243438,1496105,1855908,4595451
15,5178,6231,7731,19140,1242733,1495442,1855269,4593444
16,5178,6232,7731,19141,1242928,1495553,1855380,4593861
17,5178,6231,7731,19140,1242778,1495535,1855350,4593663
18,5176,6239,7733,19148,1242340,1497266,1856046,4595652
19,5173,6235,7730,19138,1241482,1496450,1855149,4593081
20,5173,6236,7730,19139,1241641,1496612,1855218,4593471
21,5177,6239,7733,19149,1242373,1497428,1855911,4595712
22,5173,6235,7729,19137,1241419,1496390,1855044,4592853
23,5174,6237,7726,19137,1241863,1496744,1854333,4592940
24,5182,6239,7729,19150,1243576,1497395,1854900,4595871
25,5180,6237,7726,19143,1243108,1496756,1854387,4594251
26,5180,6233,7732,19145,1243204,1495913,1855758,4594875
27,5180,6232,7732,19144,1243201,1495823,1855587,4594611
28,5179,6231,7731,19141,1242874,1495583,1855428,4593885
29,5178,6232,7731,19141,1242796,1495505,1855416,4593717
30,5174,6237,7731,19142,1241920,1496843,1855500,4594263
31,5172,6234,7729,19135,1241299,1496183,1854879,4592361
32,5176,6238,7733,19147,1242244,1497212,1855911,4595367
33,5173,6236,7730,19139,1241500,1496555,1855125,4593180
34,5173,6235,7730,19138,1241545,1496474,1855125,4593144
35,5174,6237,7727,19138,1241947,1496873,1854417,4593237
36,5186,6235,7725,19146,1244581,1496465,1854009,4595055
37,5183,6232,7731,19146,1243948,1495670,1855431,4595049
38,5181,6233,7732,19146,1243336,1495961,1855767,4595064
39,5180,6232,7731,19143,1243078,1495763,1855566,4594407
40,5181,6233,7732,19146,1243255,1495967,1855791,4595013
41,5182,6235,7734,19151,1243612,1496321,1856211,4596144
42,5175,6238,7732,19145,1242136,1497062,1855761,4594959
43,5174,6236,7730,19140,1241623,1496594,1855203,4593420
44,5172,6236,7729,19137,1241467,1496522,1855047,4593036
45,5174,6236,7730,19140,1241683,1496738,1855221,4593642
46,5176,6237,7728,19141,1242115,1497041,1854588,4593744
47,5180,6238,7728,19146,1243255,1497158,1854621,4595034
48,5186,6240,7726,19152,1244707,1497584,1854162,4596453
49,5185,6232,7728,19145,1244218,1495856,1854714,4594788
50,5188,6233,7732,19153,1245085,1495856,1855704,4596645
51,5183,6236,7735,19154,1243876,1496540,1856382,4596798
52,5178,6232,7731,19141,1242832,1495589,1855392,4593813
53,5179,6231,7731,19141,1242835,1495547,1855329,4593711
54,5174,6237,7732,19143,1241854,1496861,1855536,4594251
55,5173,6235,7730,19138,1241557,1496528,1855095,4593180
56,5170,6233,7728,19131,1240909,1495964,1854534,4591407
57,5171,6234,7728,19133,1241137,1496063,1854759,4591959
58,5172,6235,7725,19132,1241401,1496414,1853871,4591686
59,5180,6238,7728,19146,1243294,1497155,1854615,4595064
60,5177,6236,7725,19138,1242637,1496480,1854045,4593162
61,5178,6230,7730,19138,1242691,1495292,1855095,4593078
62,5182,6234,7733,19149,1243480,1496144,1855908,4595532
63,5181,6234,7732,19147,1243396,1496060,1855779,4595235
64,5180,6233,7732,19145,1243129,1495841,1855746,4594716
65,5280,6342,7837,19459,1267240,1522166,1880835,4670241
66,5177,6239,7734,19150,1242490,1497416,1856130,4596036
67,5177,6240,7734,19151,1242553,1497524,1856178,4596255
68,5175,6238,7731,19144,1242025,1496996,1855605,4594626
69,5177,6239,7734,19150,1242424,1497374,1856046,4595844
70,5173,6235,7725,19133,1241551,1496519,1854024,4592094
71,5182,6238,7729,19149,1243525,1497302,1854849,4595676
72,5179,6245,7726,19150,1243072,1498658,1854393,4596123
73,5182,6241,7733,19156,1243513,1497989,1855902,4597404
74,5179,6240,7731,19150,1242958,1497560,1855428,4595946
75,5178,6238,7730,19146,1242673,1497230,1855143,4595046
76,5179,6240,7731,19150,1242943,1497545,1855371,4595859
77,5175,6246,7733,19154,1242181,1498997,1855866,4597044
78,5177,6248,7735,19160,1242610,1499474,1856301,4598385
79,5175,6238,7731,19144,1242061,1497032,1855641,4594734
80,5180,6242,7736,19158,1243057,1498112,1856637,4597806
81,5176,6239,7733,19148,1242352,1497368,1855932,4595652
82,5175,6238,7727,19140,1241989,1497002,1854462,4593453
83,5180,6239,7728,19147,1243387,1497161,1854708,4595256
84,5179,6235,7726,19140,1242790,1496525,1854111,4593426
85,5181,6235,7733,19149,1243621,1496204,1856007,4595832
86,5179,6232,7731,19142,1243015,1495727,1855401,4594143
87,5180,6232,7732,19144,1243117,1495829,1855647,4594593
88,5181,6233,7734,19148,1243351,1496060,1855965,4595376
89,5173,6234,7730,19137,1241371,1496294,1855014,4592679
90,5173,6236,7731,19140,1241707,1496675,1855353,4593735
91,5171,6233,7727,19131,1240984,1495952,1854564,4591500
92,5173,6236,7729,19138,1241470,1496549,1854966,4592985
93,5175,6238,7732,19145,1242115,1497041,1855737,4594893
94,5172,6235,7725,19132,1241368,1496381,1853865,4591614
95,5181,6239,7728,19148,1243564,1497296,1854885,4595745
96,5178,6229,7729,19136,1242559,1495142,1854948,4592649
97,5179,6231,7729,19139,1242820,1495403,1855167,4593390
98,5183,6234,7735,19152,1243729,1496372,1856178,4596279
99,5181,6233,7732,19146,1243228,1495958,1855806,4594992
100,5189,6237,7737,19163,1245253,1497020,1856820,4599093
101,5182,6240,7735,19157,1243720,1497701,1856376,4597797
102,5182,6240,7734,19156,1243579,1497605,1856169,4597353
103,5183,6246,7732,19161,1243993,1499048,1855677,4598718
104,5182,6244,7730,19156,1243624,1498679,1855269,4597572
105,5185,6248,7729,19162,1244437,1499360,1855017,4598814
106,5290,6348,7829,19467,1269631,1523429,1879083,4672143
107,5187,6245,7727,19159,1244950,1498766,1854381,4598097
108,5188,6245,7727,19160,1245112,1498844,1854540,4598496
109,5187,6236,7735,19158,1244920,1496558,1856448,4597926
110,5185,6233,7733,19151,1244302,1496069,1855872,4596243
111,5186,6235,7734,19155,1244584,1496351,1856166,4597101
112,5189,6238,7737,19164,1245361,1497128,1857024,4599513
113,5181,6239,7734,19154,1243423,1497404,1856070,4596897
114,5179,6242,7728,19149,1243009,1497980,1854741,4595730
115,5181,6241,7734,19156,1243621,1497644,1856256,4597521
116,5180,6239,7733,19152,1243249,1497359,1855800,4596408
117,5184,6246,7732,19162,1244044,1499057,1855776,4598877
118,5187,6248,7730,19165,1244689,1499642,1855272,4599603
119,5188,6245,7727,19160,1245001,1498868,1854435,4598304
120,5290,6343,7833,19466,1269589,1522376,1879965,4671930
121,5186,6235,7734,19155,1244590,1496360,1856208,4597158
122,5185,6237,7729,19151,1244365,1496987,1854858,4596210
123,5290,6343,7834,19467,1269604,1522295,1880181,4672080
124,5186,6236,7735,19157,1244773,1496540,1856364,4597677
125,5185,6235,7735,19155,1244584,1496348,1856280,4597212
126,5183,6241,7735,19159,1243864,1497842,1856538,4598244
127,5183,6240,7735,19158,1243759,1497785,1856391,4597935
128,5184,6243,7736,19163,1244107,1498214,1856781,4599102
129,5185,6247,7733,19165,1244293,1499309,1855935,4599537
130,5182,6245,7726,19153,1243759,1498727,1854339,4596825
131,5190,6248,7729,19167,1245598,1499369,1855026,4599993
132,5185,6239,7725,19149,1244500,1497287,1853928,4595715
133,5187,6235,7731,19153,1244761,1496444,1855299,4596504
134,5188,6237,7731,19156,1245025,1496792,1855602,4597419
135,5187,6236,7731,19154,1244824,1496546,1855404,4596774
136,5187,6235,7731,19153,1244707,1496516,1855392,4596615
137,5183,6241,7732,19156,1243909,1497887,1855740,4597536
138,5185,6243,7734,19162,1244347,1498373,1856130,4598850
139,5184,6243,7733,19160,1244233,1498253,1855920,4598406
140,5184,6243,7733,19160,1244203,1498292,1855938,4598433
141,5185,6243,7734,19162,1244359,1498343,1856091,4598793
142,5184,6243,7729,19156,1244350,1498328,1854930,4597608
143,5187,6241,7726,19154,1244863,1497692,1854291,4596846
144,5184,6237,7723,19144,1244134,1496921,1853565,4594620
145,5190,6238,7734,19162,1245589,1497227,1856109,4598925
146,5187,6236,7730,19153,1244902,1496558,1855326,4596786
147,5183,6231,7727,19141,1243768,1495532,1854390,4593690
148,5186,6236,7730,19152,1244782,1496546,1855323,4596651
149,5181,6239,7730,19150,1243429,1497407,1855218,4596054
150,5180,6237,7729,19146,1243033,1497035,1854792,4594860
151,5185,6244,7734,19163,1244452,1498475,1856226,4599153
152,5183,6242,7732,19157,1243945,1498055,1855677,4597677
153,5179,6238,7728,19145,1243033,1497056,1854762,4594851
154,5183,6240,7727,19150,1243765,1497791,1854345,4595901
155,5186,6240,7726,19152,1244776,1497647,1854207,4596630
156,5189,6242,7729,19160,1245355,1498103,1854786,4598244
157,5189,6239,7734,19162,1245586,1497224,1856124,4598934
158,5186,6235,7730,19151,1244689,1496450,1855266,4596405
159,5190,6238,7733,19161,1245463,1497140,1855908,4598511
160,5188,6237,7733,19158,1245142,1496909,1855830,4597881
161,5181,6239,7730,19150,1243384,1497365,1855086,4595835
162,5180,6240,7729,19149,1243375,1497398,1855149,4595922
163,5180,6239,7729,19148,1243207,1497230,1854918,4595355
164,5185,6244,7734,19163,1244500,1498610,1856187,4599297
165,5184,6242,7732,19158,1244050,1498031,1855737,4597818
166,5182,6241,7727,19150,1243807,1497878,1854411,4596096
167,5186,6240,7725,19151,1244665,1497494,1854096,4596255
168,5190,6242,7729,19161,1245478,1498268,1854909,4598655
169,5191,6238,7735,19164,1245721,1497332,1856190,4599243
170,5187,6237,7733,19157,1245091,1496855,1855755,4597701
171,5193,6239,7733,19165,1246483,1497215,1856091,4599789
172,5193,6239,7734,19166,1246372,1497194,1856148,4599714
173,5184,6242,7729,19155,1244179,1498157,1854978,4597314
174,5181,6244,7729,19154,1243453,1498421,1855185,4597059
175,5182,6244,7730,19156,1243549,1498520,1855281,4597350
176,5183,6240,7736,19159,1243768,1497749,1856448,4597965
177,5183,6242,7737,19162,1244068,1498094,1856742,4598904
178,5181,6240,7730,19151,1243549,1497620,1855077,4596246
179,5185,6243,7725,19153,1244557,1498337,1853988,4596882
180,5188,6241,7732,19161,1245103,1497770,1855638,4598511
181,5186,6240,7731,19157,1244770,1497524,1855479,4597773
182,5185,6238,7729,19152,1244362,1497098,1854984,4596444
183,5187,6241,7732,19160,1244989,1497785,1855740,4598514
184,5188,6242,7733,19163,1245211,1497923,1855944,4599078
185,5180,6243,7729,19152,1243303,1498229,1855029,4596561
186,5182,6245,7731,19158,1243729,1498700,1855458,4597887
187,5287,6350,7836,19473,1268968,1523936,1880697,4673601
188,5185,6249,7734,19168,1244497,1499552,1856142,4600191
189,5183,6245,7732,19160,1243840,1498793,1855572,4598205
190,5181,6244,7726,19151,1243633,1498514,1854213,4596360
191,5190,6247,7729,19166,1245508,1499285,1854939,4599732
192,5188,6246,7728,19162,1245322,1498973,1854714,4599009
193,5187,6240,7732,19159,1244935,1497605,1855515,4598055
194,5189,6241,7733,19163,1245358,1497980,1855851,4599189
195,5188,6242,7733,19163,1245274,1497983,1855893,4599150
196,5188,6241,7733,19162,1245190,1497902,1855950,4599042
197,5186,6248,7735,19169,1244539,1499465,1856376,4600380
198,5180,6242,7729,19151,1243237,1498202,1854924,4596363
199,5183,6245,7732,19160,1243939,1498823,1855626,4598388
200,5179,6240,7728,19147,1242868,1497770,1854534,4595172
201,5182,6245,7731,19158,1243753,1498724,1855485,4597962
202,5288,6350,7832,19470,1269094,1524020,1879677,4672791
203,5292,6350,7831,19473,1270114,1523867,1879521,4673502
204,5185,6242,7724,19151,1244413,1498148,1853841,4596402
205,5187,6240,7731,19158,1244872,1497539,1855452,4597863
206,5187,6239,7731,19157,1244830,1497413,1855326,4597569
207,5187,6241,7731,19159,1245043,1497668,1855578,4598289
208,5187,6240,7732,19159,1244932,1497599,1855521,4598052
209,5187,6241,7732,19160,1245031,1497743,1855698,4598472
210,5182,6245,7732,19159,1243804,1498733,1855554,4598091
211,5185,6247,7733,19165,1244329,1499297,1855974,4599600
212,5181,6243,7730,19154,1243369,1498340,1855143,4596852
213,5185,6248,7734,19167,1244440,1499495,1856085,4600020
214,5183,6246,7733,19162,1244080,1499051,1855812,4598943
215,5185,6247,7730,19162,1244428,1499399,1855011,4598838
216,5186,6243,7725,19154,1244635,1498370,1854066,4597071
217,5188,6240,7731,19159,1245031,1497614,1855614,4598259
218,5189,6241,7733,19163,1245310,1497893,1855851,4599054
219,5188,6241,7732,19161,1245097,1497761,1855674,4598532
220,5186,6238,7730,19154,1244554,1497179,1855017,4596750
221,5188,6242,7734,19164,1245325,1498034,1856049,4599408
222,5183,6245,7732,19160,1243927,1498853,1855614,4598394
223,5181,6243,7730,19154,1243465,1498433,1855194,4597092
224,5184,6247,7733,19164,1244185,1499237,1855911,4599333
225,5184,6247,7732,19163,1244164,1499219,1855809,4599192
226,5182,6244,7730,19156,1243669,1498574,1855374,4597617
227,5182,6244,7726,19152,1243582,1498550,1854162,4596294
228,5187,6244,7727,19158,1244785,1498649,1854300,4597734
229,5187,6239,7731,19157,1244878,1497437,1855350,4597665
230,5192,6245,7736,19173,1246078,1498661,1856619,4601358
231,5187,6240,7731,19158,1244860,1497590,1855479,4597929
232,5186,6239,7730,19155,1244623,1497359,1855248,4597230
233,5293,6346,7838,19477,1270330,1523045,1881057,4674432
234,5184,6245,7732,19161,1243936,1498859,1855632,4598427
235,5182,6245,7731,19158,1243801,1498787,1855422,4598010
236,5180,6242,7728,19150,1243117,1498088,1854804,4596009
237,5195,6262,7732,19189,1246804,1502813,1855680,4605297
238,5193,6247,7731,19171,1246384,1499402,1855260,4601046
239,5181,6244,7725,19150,1243441,1498457,1854024,4595922
240,5195,6249,7726,19170,1246840,1499669,1854381,4600890
241,5208,6252,7731,19191,1249761,1500640,1854442,4604843
242,5202,6246,7738,19186,1248415,1500061,1857044,4605520
243,5195,6240,7728,19163,1246894,1497695,1854621,4599210
244,5195,6239,7732,19166,1246768,1497572,1855482,4599822
245,5188,6242,7734,19164,1245328,1498037,1856049,4599414
246,5185,6247,7733,19165,1244347,1499294,1856043,4599684
247,5180,6243,7730,19153,1243297,1498268,1855074,4596639
248,5181,6243,7730,19154,1243495,1498469,1855185,4597149
249,5286,6348,7835,19469,1268539,1523594,1880271,4672404
250,5182,6244,7731,19157,1243696,1498622,1855425,4597743
251,5184,6246,7728,19158,1244119,1499048,1854699,4597866
252,5188,6245,7727,19160,1245064,1498880,1854495,4598439
253,5189,6246,7727,19162,1245223,1499042,1854651,4598916
254,5186,6239,7730,19155,1244662,1497245,1855197,4597104
255,5183,6237,7728,19148,1244086,1496798,1854753,4595637
256,5186,6239,7730,19155,1244674,1497296,1855209,4597179
257,5188,6242,7732,19162,1245175,1497929,1855860,4598964
258,5182,6244,7731,19157,1243639,1498565,1855455,4597659
259,5182,6245,7732,19159,1243753,1498724,1855542,4598019
260,5185,6246,7733,19164,1244227,1499195,1855911,4599333
261,5182,6244,7731,19157,1243603,1498658,1855245,4597506
262,5180,6241,7728,19149,1242997,1498016,1854684,4595697
263,5183,6245,7727,19155,1243882,1498895,1854462,4597239
264,5188,6245,7727,19160,1245037,1498856,1854468,4598361
265,5291,6349,7830,19470,1269913,1523645,1879341,4672899
266,5188,6240,7732,19160,1245085,1497644,1855554,4598283
267,5191,6243,7734,19168,1245811,1498394,1856265,4600470
268,5187,6240,7731,19158,1244878,1497548,1855458,4597884
269,5188,6242,7732,19162,1245211,1497923,1855836,4598970
270,5187,6239,7731,19157,1244710,1497422,1855383,4597515
271,5182,6245,7731,19158,1243834,1498760,1855539,4598133
272,5288,6350,7836,19474,1268986,1523957,1880673,4673616
273,5182,6245,7732,19159,1243831,1498799,1855515,4598145
274,5181,6244,7729,19154,1243480,1498535,1855125,4597140
275,5183,6244,7732,19159,1243756,1498772,1855485,4598013
276,5182,6244,7727,19153,1243681,1498652,1854261,4596594
277,5187,6245,7726,19158,1244827,1498646,1854258,4597731
278,5189,6243,7733,19165,1245520,1498190,1856058,4599768
279,5187,6238,7730,19155,1244716,1497299,1855212,4597227
280,5185,6237,7729,19151,1244308,1496930,1854840,4596078
281,5186,6240,7731,19157,1244710,1497527,1855437,4597674
282,5187,6241,7733,19161,1245082,1497791,1855806,4598679
283,5183,6245,7732,19160,1243948,1498874,1855641,4598463
284,5179,6242,7728,19149,1243021,1497995,1854711,4595727
285,5183,6246,7732,19161,1244041,1499012,1855770,4598823
286,5181,6242,7729,19152,1243240,1498295,1854882,4596417
287,5180,6242,7729,19151,1243162,1498178,1854918,4596258
288,5184,6246,7728,19158,1244125,1499048,1854705,4597878
289,5187,6245,7726,19158,1244947,1498679,1854378,4598004
290,5187,6240,7732,19159,1244863,1497620,1855617,4598100
291,5183,6236,7728,19147,1244065,1496648,1854558,4595271
292,5186,6240,7731,19157,1244836,1497545,1855455,4597836
293,5187,6239,7731,19157,1244791,1497455,1855395,4597641
294,5185,6238,7730,19153,1244446,1497155,1855164,4596765
295,5182,6243,7731,19156,1243573,1498496,1855347,4597416
296,5183,6246,7732,19161,1244038,1499009,1855725,4598772
297,5186,6247,7735,19168,1244509,1499393,1856241,4600143
298,5182,6245,7730,19157,1243711,1498763,1855311,4597785
299,5182,6245,7732,19159,1243816,1498790,1855545,4598151
300,5182,6244,7726,19152,1243660,1498586,1854240,4596486
301,5186,6245,7726,19157,1244695,1498598,1854231,4597524
302,5186,6239,7731,19156,1244779,1497362,1855317,4597458
303,5189,6243,7733,19165,1245574,1498157,1856067,4599798
304,5188,6241,7732,19161,1245169,1497791,1855704,4598664
305,5190,6243,7734,19167,1245601,1498223,1856205,4600029
306,5188,6240,7732,19160,1245022,1497734,1855620,4598376
307,5180,6242,7730,19152,1243249,1498175,1855038,4596462
308,5179,6242,7729,19150,1243111,1498082,1854783,4595976
309,5180,6244,7729,19153,1243360,1498415,1855044,4596819
310,5183,6246,7732,19161,1243969,1499048,1855614,4598631
311,5183,6245,7727,19155,1243897,1498781,1854477,4597155
312,5190,6247,7729,19166,1245448,1499309,1854921,4599678
313,5186,6243,7726,19155,1244686,1498421,1854114,4597221
314,5191,6243,7735,19169,1245829,1498412,1856412,4600653
315,5190,6243,7734,19167,1245562,1498274,1856142,4599978
316,5186,6240,7730,19156,1244830,1497494,1855320,4597644
317,5188,6241,7732,19161,1245061,1497815,1855743,4598619
318,5186,6240,7730,19156,1244695,1497404,1855416,4597515
319,5185,6248,7734,19167,1244419,1499345,1856109,4599873
320,5180,6243,7729,19152,1243168,1498139,1854966,4596273
321,5183,6247,7732,19162,1244074,1499129,1855758,4598961
322,5182,6244,7731,19157,1243687,1498616,1855332,4597635
323,5183,6246,7728,19157,1244101,1499075,1854681,4597857
324,5186,6244,7725,19155,1244674,1498406,1854063,4597143
325,5186,6244,7726,19156,1244722,1498499,1854153,4597374
326,5185,6237,7729,19151,1244275,1496987,1854900,4596162
327,5188,6242,7732,19162,1245253,1497962,1855830,4599045
328,5187,6236,7735,19158,1244875,1496639,1856442,4597956
329,5292,6339,7840,19471,1269907,1521560,1881399,4672866
330,5187,6236,7736,19159,1244923,1496690,1856577,4598190
331,5285,6343,7839,19467,1268473,1522454,1881243,4672170
332,5181,6240,7734,19155,1243498,1497524,1856133,4597155
333,5181,6240,7734,19155,1243588,1497527,1856223,4597338
334,5184,6243,7736,19163,1244137,1498247,1856727,4599111
335,5183,6241,7736,19160,1243870,1497854,1856544,4598268
336,5183,6242,7727,19152,1243921,1497899,1854501,4596321
337,5184,6238,7728,19150,1244254,1497167,1854717,4596138
338,5189,6241,7732,19162,1245235,1498019,1855608,4598862
339,5188,6236,7736,19160,1245064,1496702,1856592,4598358
340,5185,6234,7733,19152,1244374,1496138,1855899,4596411
341,5188,6236,7735,19159,1244908,1496714,1856517,4598139
342,5188,6236,7737,19161,1245016,1496780,1856670,4598466
343,5180,6239,7733,19152,1243333,1497311,1856004,4596648
344,5184,6246,7732,19162,1244083,1498970,1855773,4598826
345,5186,6249,7735,19170,1244725,1499693,1856412,4600830
346,5185,6248,7733,19166,1244419,1499474,1856064,4599957
347,5185,6246,7734,19165,1244269,1499198,1855956,4599423
348,5183,6246,7728,19157,1244062,1498985,1854642,4597689
349,5189,6247,7728,19164,1245433,1499249,1854861,4599543
350,5187,6244,7726,19157,1244812,1498547,1854243,4597602
351,5185,6238,7728,19151,1244371,1496957,1854864,4596192
352,5187,6241,7731,19159,1244938,1497650,1855455,4598043
353,5187,6240,7732,19159,1244968,1497722,1855656,4598346
354,5188,6242,7732,19162,1245163,1497872,1855887,4598922
355,5182,6244,7730,19156,1243579,1498505,1855320,4597404
356,5183,6245,7731,19159,1243876,1498847,1855521,4598244
357,5182,6243,7730,19155,1243522,1498493,1855206,4597221
358,5183,6245,7731,19159,1243750,1498805,1855419,4597974
359,5180,6242,7729,19151,1243255,1498181,1854984,4596420
360,5183,6246,7727,19156,1243942,1498916,1854522,4597380
361,5187,6245,7726,19158,1244926,1498745,1854357,4598028
362,5187,6239,7730,19156,1244758,1497425,1855296,4597479
363,5185,6237,7729,19151,1244347,1496930,1854885,4596162
364,5186,6240,7730,19156,1244728,1497440,1855353,4597521
365,5189,6241,7733,19163,1245208,1498004,1855929,4599141
366,5186,6239,7731,19156,1244647,1497359,1855371,4597377
367,5183,6246,7733,19162,1244062,1498988,1855770,4598820
368,5183,6247,7733,19163,1244137,1499108,1855872,4599117
369,5183,6245,7731,19159,1243765,1498736,1855497,4597998
370,5185,6247,7734,19166,1244404,1499459,1856007,4599870
371,5182,6245,7731,19158,1243714,1498730,1855443,4597887
372,5180,6242,7724,19146,1243225,1498106,1853805,4595136
373,5188,6246,7727,19161,1245154,1498934,1854585,4598673
374,5186,6235,7730,19151,1244596,1496402,1855260,4596258
375,5192,6236,7732,19160,1246069,1496762,1855575,4598406
376,5190,6235,7731,19156,1245586,1496402,1855260,4597248
377,5191,6236,7731,19158,1245901,1496633,1855509,4598043
378,5189,6234,7730,19153,1245391,1496210,1855155,4596756
379,5188,6241,7733,19162,1245013,1498025,1855731,4598769
380,5186,6241,7731,19158,1244752,1497830,1855491,4598073
381,5186,6241,7731,19158,1244683,1497677,1855425,4597785
382,5185,6243,7730,19158,1244434,1498418,1855092,4597944
383,5180,6244,7730,19154,1243402,1498415,1855155,4596972
384,5183,6245,7727,19155,1243936,1498907,1854516,4597359
385,5191,6248,7730,19169,1245769,1499588,1855197,4600554
386,5187,6239,7731,19157,1244869,1497449,1855365,4597683
387,5191,6244,7734,19169,1245877,1498436,1856301,4600614
388,5290,6342,7834,19466,1269478,1522187,1880097,4671762
389,5185,6238,7729,19152,1244380,1497116,1855017,4596513
390,5183,6237,7728,19148,1244041,1496753,1854765,4595559
391,5184,6246,7733,19163,1244155,1499105,1855842,4599102
392,5181,6244,7730,19155,1243537,1498502,1855224,4597263
393,5185,6247,7733,19165,1244347,1499312,1856034,4599693
394,5185,6248,7734,19167,1244413,1499465,1856145,4600023
395,5185,6244,7739,19168,1244539,1498520,1857213,4600272
396,5182,6244,7726,19152,1243693,1498667,1854276,4596636
397,5188,6246,7728,19162,1245148,1499009,1854576,4598733
398,5189,6246,7728,19163,1245385,1499120,1854813,4599318
399,5187,6239,7731,19157,1244800,1497383,1855341,4597524
400,5188,6241,7732,19161,1245112,1497821,1855773,4598706
401,5186,6238,7730,19154,1244449,1497206,1855131,4596786
402,5186,6239,7730,19155,1244707,1497419,1855299,4597425
403,5184,6241,7732,19157,1243984,1497962,1855725,4597671
404,5187,6241,7732,19160,1244836,1497914,1855665,4598415
405,5189,6247,7734,19170,1245310,1499333,1856049,4600692
406,5184,6246,7732,19162,1244128,1499054,1855860,4599042
407,5184,6247,7733,19164,1244179,1499147,1855866,4599192
408,5180,6243,7725,19148,1243348,1498298,1853928,4595574
409,5189,6247,7729,19165,1245475,1499294,1854906,4599675
410,5185,6238,7729,19152,1244431,1497101,1854969,4596501
411,5185,6237,7729,19151,1244305,1497014,1855011,4596330
412,5188,6241,7731,19160,1245076,1497722,1855611,4598409
413,5187,6239,7732,19158,1244752,1497545,1855470,4597767
414,5290,6344,7835,19469,1269799,1522511,1880466,4672776
415,5184,6245,7732,19161,1243966,1498892,1855797,4598655
416,5183,6245,7732,19160,1243849,1498817,1855626,4598292
417,5182,6245,7731,19158,1243807,1498775,1855491,4598073
418,5184,6247,7733,19164,1244179,1499231,1855824,4599234
419,5185,6247,7734,19166,1244389,1499318,1856121,4599828
420,5183,6244,7727,19154,1243909,1498769,1854465,4597143
421,5188,6245,7727,19160,1244989,1498874,1854417,4598280
422,5188,6246,7728,19162,1245232,1498922,1854687,4598841
423,5188,6242,7733,19163,1245286,1497953,1855908,4599147
424,5185,6239,7730,19154,1244602,1497269,1855134,4597005
425,5187,6240,7731,19158,1245001,1497626,1855449,4598076
426,5189,6242,7734,19165,1245400,1498112,1856115,4599627
427,5182,6244,7732,19158,1243699,1498625,1855533,4597857
428,5184,6245,7732,19161,1243984,1498952,1855629,4598565
429,5184,6247,7734,19165,1244257,1499228,1855989,4599474
430,5186,6248,7734,19168,1244494,1499573,1856178,4600245
431,5181,6243,7730,19154,1243444,1498373,1855173,4596990
432,5184,6247,7728,19159,1244230,1499153,1854810,4598193
433,5189,6246,7728,19163,1245226,1499132,1854741,4599099
434,5187,6245,7727,19159,1244965,1498700,1854396,4598061
435,5290,6342,7834,19466,1269643,1522223,1880136,4672002
436,5188,6240,7732,19160,1245004,1497716,1855581,4598301
437,5186,6240,7731,19157,1244791,1497500,1855407,4597698
438,5184,6237,7729,19150,1244191,1496945,1854876,4596012
439,5181,6243,7730,19154,1243411,1498337,1855242,4596990
440,5182,6245,7731,19158,1243732,1498724,1855470,4597926
441,5181,6244,7729,19154,1243501,1498469,1855146,4597116
442,5180,6243,7729,19152,1243189,1498241,1854918,4596348
443,5183,6245,7732,19160,1243969,1498898,1855701,4598568
444,5182,6244,7726,19152,1243651,1498514,1854207,4596372
445,5188,6245,7727,19160,1245118,1498898,1854549,4598565
446,5190,6248,7729,19167,1245628,1499360,1855059,4600047
447,5188,6241,7732,19161,1245172,1497758,1855671,4598601
448,5187,6241,7731,19159,1245019,1497638,1855593,4598250
449,5191,6244,7735,19170,1245787,1498499,1856412,4600698
450,5188,6246,7733,19167,1245241,1498943,1855926,4600110
451,5181,6259,7730,19170,1243435,1502168,1855257,4600860
452,5181,6256,7730,19167,1243441,1501268,1855173,4599882
453,5287,6345,7837,19469,1268968,1522907,1880745,4672620
454,5182,6244,7732,19158,1243765,1498646,1855452,4597863
455,5183,6242,7731,19156,1243894,1498001,1855497,4597392
456,5186,6249,7731,19166,1244713,1499681,1855497,4599891
457,5188,6254,7728,19170,1245034,1500968,1854669,4600671
458,5189,6255,7725,19169,1244523,1501115,1853955,4599593
459,5194,6253,7738,19185,1245453,1501837,1855948,4603238
460,5190,6250,7737,19177,1245511,1500949,1856927,4603387
461,5185,6245,7729,19159,1244263,1498877,1855828,4598968
462,5186,6246,7730,19162,1244509,1499129,1855170,4598808
463,5189,6249,7734,19172,1245286,1499903,1855995,4601184
464,5184,6251,7733,19168,1244161,1500053,1855911,4600125
465,5183,6241,7731,19155,1243777,1497800,1855449,4597026
466,5182,6241,7732,19155,1243861,1497884,1855593,4597338
467,5184,6243,7733,19160,1244185,1498295,1855830,4598310
468,5181,6239,7730,19150,1243438,1497377,1855191,4596006
469,5181,6241,7726,19148,1243657,1497680,1854237,4595574
470,5188,6241,7728,19157,1245181,1497968,1854633,4597782
471,5188,6236,7732,19156,1245070,1496708,1855566,4597344
472,5186,6234,7730,19150,1244632,1496270,1855125,4596027
473,5186,6235,7731,19152,1244695,1496462,1855320,4596477
474,5187,6236,7731,19154,1244941,1496618,1855521,4597080
475,5187,6236,7731,19154,1244869,1496633,1855464,4596966
476,5181,6240,7731,19152,1243621,1497602,1855413,4596636
477,5182,6241,7730,19153,1243669,1497695,1855356,4596720
478,5182,6241,7730,19153,1243636,1497767,1855365,4596768
479,5183,6241,7731,19155,1243801,1497911,1855446,4597158
480,5183,6241,7726,19150,1243849,1497830,1854432,4596111
481,5186,6241,7725,19152,1244665,1497623,1854138,4596426
482,5185,6239,7725,19149,1244497,1497287,1853928,4595712
483,5290,6339,7834,19463,1269646,1521284,1880142,4671072
484,5185,6234,7731,19150,1244500,1496264,1855233,4595997
485,5187,6236,7732,19155,1244977,1496696,1855554,4597227
486,5188,6238,7733,19159,1245262,1497068,1855941,4598271
487,5187,6236,7731,19154,1244824,1496615,1855548,4596987
488,5185,6244,7734,19163,1244452,1498430,1856154,4599036
489,5182,6242,7732,19156,1243894,1497917,1855668,4597479
490,5184,6243,7733,19160,1244293,1498319,1855980,4598592
491,5184,6243,7732,19159,1244128,1498235,1855818,4598181
492,5182,6244,7731,19157,1243615,1498586,1855302,4597503
493,5193,6256,7725,19174,1246396,1501352,1854120,4601868
494,5200,6246,7728,19174,1248085,1499048,1854702,4601835
495,5183,6232,7728,19143,1243903,1495712,1854573,4594188
496,5195,6241,7731,19167,1246978,1497677,1855542,4600197
497,5210,6246,7738,19194,1250319,1499119,1856083,4605521
498,5304,6344,7840,19488,1272790,1523638,1881590,4678018
499,5304,6345,7836,19485,1272883,1522787,1880730,4676400
500,5195,6236,7731,19162,1246753,1496630,1855509,4598892
501,5181,6239,7730,19150,1243405,1497386,1855152,4595943
502,5183,6240,7732,19155,1243837,1497770,1855611,4597218
503,5180,6238,7729,19147,1243120,1497230,1854849,4595199
504,5182,6242,7731,19155,1243858,1497923,1855506,4597287
505,5185,6243,7730,19158,1244437,1498418,1855017,4597872
506,5188,6242,7728,19158,1245196,1498067,1854669,4597932
507,5186,6239,7725,19150,1244656,1497422,1854063,4596141
508,5186,6234,7729,19149,1244542,1496180,1855038,4595760
509,5187,6236,7731,19154,1244929,1496606,1855419,4596954
510,5187,6237,7732,19156,1245019,1496783,1855641,4597443
511,5185,6235,7731,19151,1244548,1496396,1855275,4596219
512,5186,6235,7731,19152,1244707,1496474,1855311,4596492
513,5181,6240,7730,19151,1243528,1497548,1855278,4596354
514,5182,6241,7731,19154,1243780,1497803,1855425,4597008
515,5181,6238,7730,19149,1243297,1497278,1855071,4595646
516,5181,6239,7730,19150,1243483,1497464,1855215,4596162
517,5184,6241,7728,19153,1244017,1497959,1854600,4596576
518,5185,6238,7723,19146,1244218,1497092,1853649,4594959
519,5184,6237,7723,19144,1244074,1496858,1853502,4594434
520,5189,6238,7733,19160,1245355,1496990,1855848,4598193
521,5186,6236,7730,19152,1244794,1496510,1855284,4596588
522,5186,6235,7730,19151,1244668,1496390,1855248,4596306
523,5188,6236,7732,19156,1245040,1496804,1855611,4597455
524,5179,6237,7729,19145,1242982,1496960,1854765,4594707
525,5182,6242,7731,19155,1243861,1497908,1855605,4597374
526,5185,6243,7733,19161,1244359,1498382,1856046,4598787
527,5183,6242,7732,19157,1243948,1498058,1855638,4597644
528,5186,6244,7734,19164,1244566,1498547,1856298,4599411
529,5185,6242,7729,19156,1244251,1498235,1854831,4597317
530,5189,6244,7729,19162,1245538,1498409,1854966,4598913
531,5187,6241,7727,19155,1244983,1497770,1854414,4597167
532,5185,6234,7729,19148,1244365,1496132,1855032,4595529
533,5185,6234,7729,19148,1244395,1496162,1854975,4595532
534,5186,6235,7729,19150,1244620,1496297,1855068,4595985
535,5190,6238,7734,19162,1245466,1497230,1856190,4598886
536,5184,6242,7733,19159,1244119,1498100,1855953,4598172
537,5287,6344,7836,19467,1268737,1522763,1880562,4672062
538,5182,6240,7730,19152,1243627,1497653,1855272,4596552
539,5184,6243,7732,19159,1244119,1498229,1855803,4598151
540,5185,6244,7733,19162,1244449,1498430,1856052,4598931
541,5184,6243,7728,19155,1244155,1498181,1854738,4597074
542,5190,6243,7730,19163,1245640,1498469,1855071,4599180
543,5293,6347,7833,19473,1270462,1523249,1879893,4673604
544,5185,6234,7729,19148,1244314,1496120,1855023,4595457
545,5186,6235,7730,19151,1244716,1496330,1855188,4596234
546,5187,6237,7732,19156,1245052,1496771,1855629,4597452
547,5186,6236,7730,19152,1244776,1496498,1855380,4596654
548,5188,6241,7732,19161,1245052,1497761,1855794,4598607
549,5181,6243,7730,19154,1243411,1498337,1855098,4596846
550,5183,6242,7731,19156,1243894,1497917,1855626,4597437
551,5183,6242,7732,19157,1244011,1497947,1855698,4597656
552,5183,6242,7732,19157,1244035,1498142,1855638,4597815
553,5183,6241,7732,19156,1243861,1497926,1855590,4597377
554,5180,6239,7724,19143,1243255,1497239,1853811,4594305
555,5187,6241,7727,19155,1244935,1497812,1854453,4597200
556,5185,6235,7729,19149,1244581,1496219,1855119,4595919
557,5190,6238,7733,19161,1245490,1497128,1855989,4598607
558,5185,6233,7728,19146,1244275,1495997,1854813,4595085
559,5185,6234,7729,19148,1244368,1496087,1854963,4595418
560,5191,6241,7732,19164,1245952,1497716,1855728,4599396
561,5288,6346,7833,19467,1269109,1523087,1879959,4672155
562,5183,6242,7728,19153,1243999,1498019,1854738,4596756
563,5187,6241,7732,19160,1244830,1497908,1855614,4598352
564,5181,6239,7730,19150,1243444,1497425,1855089,4595958
565,5182,6241,7731,19154,1243762,1497833,1855494,4597089
566,5181,6239,7725,19145,1243411,1497350,1853994,4594755
567,5186,6239,7726,19151,1244650,1497479,1854081,4596210
568,5184,6234,7729,19147,1244353,1496072,1854930,4595355
569,5190,6239,7735,19164,1245730,1497368,1856223,4599321
570,5185,6235,7729,19149,1244542,1496279,1855137,4595958
571,5186,6236,7730,19152,1244674,1496438,1855329,4596441
572,5188,6236,7732,19156,1245004,1496771,1855713,4597488
573,5183,6241,7731,19155,1243819,1497800,1855509,4597128
574,5185,6244,7743,19172,1244554,1498574,1858152,4601280
575,5184,6246,7736,19166,1244128,1499099,1856760,4599987
576,5189,6247,7734,19170,1245346,1499453,1856085,4600884
577,5186,6244,7731,19161,1244572,1498595,1855353,4598520
578,5184,6239,7727,19150,1244104,1497209,1854690,4596003
579,5190,6243,7736,19169,1245445,1498322,1856772,4600539
580,5187,6235,7738,19160,1244758,1496396,1857156,4598310
581,5189,6233,7733,19155,1245346,1496036,1855797,4597179
582,5291,6344,7840,19475,1269898,1522607,1881465,4673970
583,5187,6243,7730,19160,1244698,1498277,1855233,4598208
584,5289,6338,7842,19469,1269418,1521182,1881963,4672563
585,5189,6239,7729,19157,1245487,1497251,1855137,4597875
586,5184,6242,7740,19166,1244053,1498076,1857672,4599801
587,5182,6240,7739,19161,1243633,1497659,1857306,4598598
588,5184,6246,7737,19167,1244122,1499177,1856754,4600053
589,5184,6243,7729,19156,1244287,1498271,1854945,4597503
590,5180,6238,7724,19142,1243198,1497266,1853778,4594242
591,5188,6241,7726,19155,1244962,1497836,1854393,4597191
592,5188,6240,7727,19155,1244968,1497755,1854399,4597122
593,5190,6238,7733,19161,1245541,1497179,1856034,4598754
594,5187,6237,7731,19155,1244926,1496690,1855500,4597116
595,5185,6234,7729,19148,1244446,1496123,1854981,4595550
596,5186,6236,7731,19153,1244782,1496546,1855422,4596750
597,5182,6240,7731,19153,1243666,1497647,1855485,4596798
598,5185,6244,7734,19163,1244413,1498436,1856202,4599051
599,5181,6239,7729,19149,1243387,1497410,1855116,4595913
600,5181,6240,7730,19151,1243441,1497551,1855128,4596120
601,5185,6242,7733,19160,1244239,1498223,1855968,4598430
602,5185,6243,7729,19157,1244335,1498331,1854891,4597557
603,5184,6237,7724,19145,1244149,1497023,1853577,4594749
604,5184,6239,7724,19147,1244305,1497221,1853823,4595349
605,5190,6238,7733,19161,1245547,1497185,1856046,4598778
606,5293,6341,7837,19471,1270198,1521962,1880772,4672932
607,5187,6236,7730,19153,1244902,1496582,1855353,4596837
608,5190,6240,7734,19164,1245655,1497422,1856295,4599372
609,5192,6237,7732,19161,1246015,1496834,1855791,4598640
610,5191,6245,7732,19168,1245781,1498814,1855605,4600200
611,5181,6247,7730,19158,1243438,1499420,1855122,4597980
612,5181,6241,7738,19160,1243612,1497722,1857189,4598523
613,5183,6245,7735,19163,1243849,1498781,1856439,4599069
614,5186,6245,7726,19157,1244725,1498706,1854360,4597791
615,5296,6349,7830,19475,1270876,1523750,1879401,4674027
616,5192,6245,7727,19164,1246000,1498877,1854483,4599360
617,5191,6240,7731,19162,1245811,1497533,1855401,4598745
618,5195,6243,7735,19173,1246801,1498439,1856436,4601676
619,5189,6239,7729,19157,1245406,1497170,1855080,4597656
620,5189,6238,7729,19156,1245295,1497149,1855074,4597518
621,5190,6238,7731,19159,1245487,1497254,1855260,4598001
622,5190,6248,7735,19173,1245556,1499537,1856307,4601400
623,5291,6349,7836,19476,1269847,1523870,1880604,4674321
624,5186,6245,7731,19162,1244692,1498715,1855479,4598886
625,5186,6245,7731,19162,1244647,1498757,1855347,4598751
626,5184,6243,7730,19157,1244257,1498280,1855041,4597578
627,5185,6244,7726,19155,1244551,1498490,1854186,4597227
628,5192,6247,7728,19167,1246270,1499102,1854753,4600125
629,5194,6247,7730,19171,1246543,1499459,1855113,4601115
630,5192,6240,7732,19164,1246045,1497680,1855638,4599363
631,5191,6239,7731,19161,1245766,1497530,1855359,4598655
632,5190,6239,7730,19159,1245613,1497380,1855293,4598286
633,5190,6239,7730,19159,1245520,1497287,1855311,4598118
634,5189,6247,7734,19170,1245289,1499267,1856178,4600734
635,5291,6351,7836,19478,1270027,1524053,1880829,4674909
636,5184,6241,7728,19153,1243966,1497902,1854795,4596663
637,5188,6246,7732,19166,1245016,1499150,1855755,4599921
638,5187,6245,7731,19163,1244761,1498871,1855461,4599093
639,5187,6246,7728,19161,1244956,1498937,1854594,4598487
640,5192,6244,7727,19163,1245880,1498733,1854384,4598997
641,5190,6244,7726,19160,1245724,1498514,1854210,4598448
642,5192,6240,7733,19165,1246075,1497713,1855713,4599501
643,5192,6241,7732,19165,1246081,1497824,1855737,4599642
644,5191,6241,7732,19164,1246000,1497767,1855593,4599360
645,5189,6239,7730,19158,1245523,1497335,1855257,4598115
646,5190,6239,7731,19160,1245580,1497341,1855362,4598283
647,5184,6242,7728,19154,1244125,1498106,1854870,4597101
648,5187,6246,7731,19164,1244851,1498898,1855590,4599339
649,5190,6249,7735,19174,1245592,1499702,1856421,4601715
650,5185,6244,7730,19159,1244488,1498514,1855212,4598214
651,5186,6244,7727,19157,1244698,1498637,1854357,4597692
652,5296,6350,7832,19478,1271104,1524062,1879719,4674885
653,5189,6243,7725,19157,1245391,1498304,1853871,4597566
654,5191,6239,7731,19161,1245847,1497569,1855437,4598853
655,5190,6239,7731,19160,1245550,1497341,1855323,4598214
656,5188,6236,7728,19152,1245139,1496816,1854726,4596681
657,5190,6239,7731,19160,1245541,1497389,1855317,4598247
658,5188,6237,7730,19155,1245223,1496990,1855005,4597218
659,5186,6244,7731,19161,1244698,1498676,1855458,4598832
660,5185,6243,7729,19157,1244254,1498277,1854996,4597527
661,5186,6246,7731,19163,1244815,1498862,1855557,4599234
662,5186,6245,7730,19161,1244593,1498727,1855290,4598610
663,5185,6243,7730,19158,1244410,1498388,1855194,4597992
664,5186,6245,7726,19157,1244668,1498691,1854303,4597662
665,5190,6244,7726,19160,1245688,1498520,1854171,4598379
666,5192,6241,7733,19166,1246114,1497923,1855878,4599915
667,5191,6239,7730,19160,1245718,1497356,1855227,4598301
668,5188,6238,7729,19155,1245313,1497053,1854963,4597329
669,5193,6241,7733,19167,1246240,1497920,1855848,4600008
670,5190,6239,7731,19160,1245670,1497437,1855434,4598541
671,5185,6244,7730,19159,1244452,1498433,1855239,4598124
672,5186,6245,7731,19162,1244695,1498718,1855392,4598805
673,5187,6245,7732,19164,1244926,1498910,1855710,4599546
674,5185,6243,7730,19158,1244380,1498361,1855122,4597863
675,5187,6245,7732,19164,1244848,1498874,1855632,4599354
676,5185,6243,7725,19153,1244323,1498304,1853958,4596585
677,5192,6245,7727,19164,1246042,1498877,1854528,4599447
678,5192,6240,7731,19163,1245973,1497611,1855524,4599108
679,5192,6240,7732,19164,1246075,1497713,1855581,4599369
680,5191,6241,7731,19163,1245928,1497689,1855599,4599216
681,5189,6237,7728,19154,1245265,1496945,1854786,4596996
682,5194,6244,7735,19173,1246573,1498382,1856394,4601349
683,5185,6243,7730,19158,1244407,1498385,1855152,4597944
684,5184,6243,7730,19157,1244335,1498358,1855164,4597857
685,5186,6245,7731,19162,1244689,1498670,1855473,4598832
686,5185,6244,7729,19158,1244404,1498511,1855104,4598019
687,5186,6244,7730,19160,1244554,1498493,1855338,4598385
688,5183,6240,7735,19158,1243771,1497797,1856241,4597809
689,5188,6242,7736,19166,1245199,1498112,1856604,4599915
690,5185,6233,7737,19155,1244392,1496030,1856823,4597245
691,5188,6237,7740,19165,1245169,1496807,1857531,4599507
692,5186,6236,7734,19156,1244782,1496504,1856307,4597593
693,5189,6237,7740,19166,1245226,1496903,1857657,4599786
694,5187,6236,7738,19161,1244851,1496618,1857339,4598808
695,5184,6242,7740,19166,1244026,1498007,1857624,4599657
696,5184,6243,7730,19157,1244335,1498358,1855035,4597728
697,5187,6245,7732,19164,1244875,1498985,1855662,4599522
698,5186,6245,7730,19161,1244596,1498679,1855272,4598547
699,5185,6243,7725,19153,1244344,1498328,1853979,4596651
700,5189,6243,7724,19156,1245310,1498226,1853835,4597371
701,5189,6242,7724,19155,1245340,1498172,1853823,4597335
702,5194,6243,7734,19171,1246612,1498253,1856166,4601031
703,5192,6241,7732,19165,1246147,1497785,1855650,4599582
704,5192,6241,7733,19166,1246105,1497872,1855785,4599762
705,5191,6240,7731,19162,1245922,1497602,1855533,4599057
706,5188,6244,7733,19165,1245004,1498706,1855767,4599477
707,5188,6246,7733,19167,1245124,1499105,1855884,4600113
708,5189,6248,7735,19172,1245538,1499477,1856280,4601295
709,5185,6244,7731,19160,1244518,1498628,1855260,4598406
710,5185,6245,7731,19161,1244602,1498709,1855305,4598616
711,5187,6240,7727,19154,1244695,1497731,1854330,4596756
712,5196,6242,7727,19165,1247071,1498055,1854654,4599780
713,5196,6241,7727,19164,1246948,1497881,1854507,4599336
714,5192,6233,7727,19152,1246090,1495820,1854675,4596585
715,5196,6241,7732,19169,1246978,1497797,1855755,4600530
716,5188,6244,7731,19163,1244995,1498649,1855530,4599174
717,5184,6242,7728,19154,1244176,1497875,1854852,4596903
718,5187,6245,7732,19164,1244968,1498622,1855689,4599279
719,5181,6248,7731,19160,1243576,1499447,1855374,4598397
720,5181,6247,7730,19158,1243456,1499402,1855143,4598001
721,5185,6247,7738,19170,1244380,1499432,1857057,4600869
722,5186,6252,7735,19173,1244605,1500533,1856250,4601388
723,5186,6253,7729,19168,1244581,1500569,1855164,4600314
724,5187,6248,7726,19161,1244767,1499534,1854240,4598541
725,5189,6238,7725,19152,1245361,1497203,1853844,4596408
726,5301,6346,7836,19483,1272244,1522931,1880844,4676019
727,5187,6244,7731,19162,1244908,1498454,1855491,4598853
728,5187,6235,7727,19149,1244761,1496525,1854459,4595745
729,5186,6242,7730,19158,1244521,1498265,1855239,4598025
730,5190,6239,7731,19160,1245598,1497362,1855374,4598334
731,5186,6244,7730,19160,1244584,1498559,1855344,4598487
732,5186,6244,7730,19160,1244545,1498568,1855245,4598358
733,5183,6249,7732,19164,1243885,1499807,1855659,4599351
734,5182,6249,7730,19161,1243663,1499690,1855266,4598619
735,5185,6251,7734,19170,1244473,1500299,1856181,4600953
736,5187,6245,7726,19158,1244770,1498751,1854405,4597926
737,5191,6244,7726,19161,1245727,1498556,1854210,4598493
738,5191,6240,7731,19162,1245865,1497587,1855497,4598949
739,5189,6238,7730,19157,1245484,1497122,1855035,4597641
740,5191,6240,7732,19163,1245940,1497701,1855614,4599255
741,5189,6245,7733,19167,1245298,1498871,1855842,4600011
742,5191,6241,7732,19164,1246000,1497767,1855764,4599531
743,5185,6243,7729,19157,1244299,1498280,1855104,4597683
744,5187,6246,7731,19164,1244860,1498883,1855599,4599342
745,5187,6245,7732,19164,1244836,1498856,1855662,4599354
746,5184,6243,7728,19155,1244158,1498268,1854855,4597281
747,5184,6250,7733,19167,1244122,1500005,1855809,4599936
748,5186,6245,7727,19158,1244740,1498805,1854372,4597917
749,5199,6256,7726,19181,1247761,1501478,1854336,4603575
750,5200,6233,7729,19162,1247980,1495988,1854930,4598898
751,5192,6238,7732,19162,1246252,1496942,1855758,4598952
752,5195,6240,7732,19167,1246891,1497686,1855596,4600173
753,5208,6245,7736,19189,1249854,1498762,1855744,4604360
754,5199,6240,7737,19176,1247848,1498654,1856660,4603162
755,5196,6247,7733,19176,1247062,1499132,1855911,4602105
756,5188,6238,7729,19155,1245109,1497224,1854975,4597308
757,5182,6241,7731,19154,1243756,1497779,1855488,4597023
758,5181,6241,7729,19151,1243528,1497638,1855134,4596300
759,5184,6243,7733,19160,1244209,1498187,1855938,4598334
760,5182,6241,7726,19149,1243747,1497725,1854351,4595823
761,5186,6239,7724,19149,1244524,1497353,1853955,4595832
762,5187,6237,7732,19156,1244902,1496708,1855656,4597266
763,5186,6235,7729,19150,1244614,1496252,1855062,4595928
764,5186,6234,7730,19150,1244506,1496270,1855128,4595904
765,5187,6236,7732,19155,1244953,1496675,1855569,4597197
766,5186,6235,7731,19152,1244671,1496438,1855389,4596498
767,5184,6243,7733,19160,1244269,1498253,1855959,4598481
768,5178,6237,7727,19142,1242763,1496786,1854492,4594041
769,5183,6241,7732,19156,1243933,1498016,1855596,4597545
770,5185,6240,7730,19155,1244479,1497641,1855173,4597293
771,5184,6243,7728,19155,1244224,1498163,1854804,4597191
772,5190,6244,7729,19163,1245553,1498469,1855068,4599090
773,5187,6241,7727,19155,1244953,1497830,1854429,4597212
774,5188,6237,7732,19157,1245208,1496846,1855704,4597758
775,5189,6238,7733,19160,1245412,1497050,1855863,4598325
776,5188,6237,7732,19157,1245040,1496807,1855665,4597512
777,5187,6236,7731,19154,1244842,1496519,1855383,4596744
778,5184,6233,7729,19146,1244212,1496021,1854978,4595211
779,5182,6240,7730,19152,1243579,1497557,1855356,4596492
780,5182,6241,7730,19153,1243651,1497713,1855335,4596699
781,5181,6240,7730,19151,1243453,1497539,1855137,4596129
782,5182,6241,7730,19153,1243729,1497800,1855374,4596903
783,5185,6243,7729,19157,1244344,1498349,1854924,4597617
784,5187,6240,7726,19153,1244863,1497653,1854252,4596768
785,5186,6240,7725,19151,1244674,1497506,1854105,4596285
786,5186,6234,7730,19150,1244551,1496315,1855176,4596042
787,5188,6237,7732,19157,1245100,1496864,1855725,4597689
788,5189,6238,7732,19159,1245274,1497038,1855893,4598205
789,5187,6236,7731,19154,1244824,1496636,1855506,4596966
790,5184,6241,7733,19158,1243999,1497980,1855830,4597809
791,5182,6240,7731,19153,1243663,1497686,1855323,4596672
792,5180,6239,7728,19147,1243270,1497293,1854915,4595478
793,5183,6241,7731,19155,1243798,1497905,1855485,4597188
794,5182,6241,7731,19154,1243735,1497713,1855464,4596912
795,5287,6346,7837,19470,1269013,1522952,1880769,4672734
796,5181,6240,7726,19147,1243624,1497602,1854204,4595430
797,5188,6241,7728,19157,1245127,1497890,1854531,4597548
798,5188,6235,7731,19154,1244899,1496537,1855482,4596918
799,5190,6238,7734,19162,1245559,1497197,1856055,4598811
800,5185,6235,7730,19150,1244512,1496276,1855158,4595946
801,5188,6237,7733,19158,1245178,1496900,1855758,4597836
802,5187,6237,7731,19155,1244998,1496762,1855629,4597389
803,5185,6244,7734,19163,1244434,1498415,1856181,4599030
804,5183,6246,7732,19161,1243987,1498955,1855761,4598703
805,5182,6244,7731,19157,1243633,1498688,1855320,4597641
806,5182,6242,7731,19155,1243807,1497917,1855452,4597176
807,5181,6240,7726,19147,1243579,1497518,1854162,4595259
808,5185,6240,7725,19150,1244536,1497497,1854009,4596042
809,5185,6238,7725,19148,1244413,1497239,1853841,4595493
810,5187,6235,7730,19152,1244728,1496366,1855266,4596360
811,5185,6234,7730,19149,1244452,1496216,1855074,4595742
812,5188,6237,7732,19157,1245151,1496870,1855749,4597770
813,5186,6235,7731,19152,1244647,1496495,1855365,4596507
814,5184,6234,7728,19146,1244218,1495982,1854813,4595013
815,5184,6242,7733,19159,1244176,1498199,1855914,4598289
816,5188,6245,7732,19165,1244926,1498949,1855758,4599633
817,5186,6244,7730,19160,1244491,1498601,1855230,4598322
818,5188,6247,7733,19168,1245193,1499174,1855935,4600302
819,5185,6240,7725,19150,1244386,1497533,1854021,4595940
820,5291,6346,7831,19468,1270027,1522856,1879458,4672341
821,5186,6239,7725,19150,1244632,1497509,1854063,4596204
822,5187,6235,7731,19153,1244788,1496471,1855329,4596588
823,5187,6235,7731,19153,1244842,1496480,1855383,4596705
824,5188,6237,7733,19158,1245211,1496975,1855791,4597977
825,5186,6235,7730,19151,1244680,1496444,1855230,4596354
826,5187,6236,7732,19155,1244917,1496684,1855647,4597248
827,5184,6242,7733,19159,1244203,1498184,1855893,4598280
828,5183,6241,7732,19156,1243879,1497878,1855542,4597299
829,5182,6242,7732,19156,1243885,1497992,1855575,4597452
830,5180,6239,7736,19155,1243222,1497332,1856778,4597332
831,5180,6242,7729,19151,1243219,1498145,1854747,4596111
832,5192,6244,7727,19163,1245865,1498736,1854393,4598994
833,5191,6244,7727,19162,1245862,1498646,1854345,4598853
834,5296,6341,7839,19476,1271083,1521776,1881534,4674393
835,5186,6235,7737,19158,1244614,1496276,1857093,4597983
836,5187,6235,7738,19160,1244689,1496432,1857186,4598307
837,5191,6236,7735,19162,1245811,1496585,1856403,4598799
838,5185,6238,7733,19156,1244458,1497170,1856001,4597629
839,5181,6247,7730,19158,1243444,1499324,1855194,4597962
840,5181,6239,7737,19157,1243303,1497329,1856862,4597494
841,5188,6247,7734,19169,1245238,1499285,1856025,4600548
842,5185,6243,7741,19169,1244227,1498334,1857849,4600410
843,5185,6244,7743,19172,1244515,1498586,1858143,4601244
844,5183,6245,7731,19159,1243951,1498901,1855479,4598331
845,5191,6244,7726,19161,1245748,1498580,1854231,4598559
846,5189,6242,7728,19159,1245346,1498136,1854777,4598259
847,5189,6238,7732,19159,1245376,1497014,1855830,4598220
848,5186,6234,7730,19150,1244500,1496267,1855122,4595889
849,5186,6236,7731,19153,1244800,1496567,1855431,4596798
850,5290,6340,7834,19464,1269646,1521434,1880199,4671279
851,5181,6240,7730,19151,1243483,1497464,1855278,4596225
852,5185,6244,7734,19163,1244410,1498436,1856157,4599003
853,5182,6240,7731,19153,1243705,1497728,1855479,4596912
854,5181,6239,7729,19149,1243273,1497380,1854918,4595571
855,5182,6240,7731,19153,1243621,1497599,1855350,4596570
856,5183,6242,7727,19152,1244005,1497962,1854561,4596528
857,5188,6242,7727,19157,1245124,1498037,1854552,4597713
858,5186,6240,7726,19152,1244719,1497506,1854171,4596396
859,5187,6235,7731,19153,1244899,1496558,1855458,4596915
860,5292,6340,7835,19467,1269922,1521662,1880478,4672062
861,5188,6238,7732,19158,1245178,1496942,1855797,4597917
862,5187,6235,7732,19154,1244788,1496594,1855458,4596840
863,5188,6237,7732,19157,1245061,1496825,1855665,4597551
864,5183,6240,7732,19155,1243864,1497761,1855572,4597197
865,5183,6238,7728,19149,1243966,1497044,1854795,4595805
866,5192,6248,7733,19173,1246198,1499360,1856079,4601637
867,5184,6250,7732,19166,1244092,1499966,1855695,4599753
868,5184,6243,7736,19163,1244170,1498238,1856640,4599048
869,5188,6246,7731,19165,1245082,1498859,1855458,4599399
870,5188,6242,7724,19154,1245286,1498073,1853769,4597128
871,5192,6240,7731,19163,1245994,1497635,1855545,4599174
872,5192,6241,7732,19165,1246030,1497773,1855638,4599441
873,5189,6238,7730,19157,1245466,1497185,1855095,4597746
874,5190,6239,7730,19159,1245592,1497401,1855329,4598322
875,5186,6245,7731,19162,1244623,1498628,1855506,4598757
876,5186,6244,7731,19161,1244590,1498592,1855368,4598550
877,5190,6248,7735,19173,1245595,1499621,1856295,4601511
878,5189,6248,7735,19172,1245484,1499465,1856313,4601262
879,5186,6245,7732,19163,1244776,1498805,1855563,4599144
880,5293,6352,7838,19483,1270465,1524446,1881207,4676118
881,5188,6247,7728,19163,1245124,1499147,1854786,4599057
882,5191,6245,7727,19163,1245931,1498718,1854417,4599066
883,5193,6243,7734,19170,1246447,1498280,1856214,4600941
884,5190,6238,7730,19158,1245568,1497203,1855116,4597887
885,5191,6241,7731,19163,1245898,1497662,1855572,4599132
886,5189,6238,7730,19157,1245436,1497116,1855044,4597596
887,5194,6243,7735,19172,1246618,1498388,1856388,4601394
888,5187,6245,7731,19163,1244788,1498766,1855539,4599093
889,5186,6244,7730,19160,1244590,1498613,1855290,4598493
890,5188,6245,7733,19166,1244974,1498997,1855716,4599687
891,5187,6245,7732,19164,1244884,1498997,1855629,4599510
892,5182,6241,7727,19150,1243738,1497764,1854522,4596024
893,5188,6246,7728,19162,1245064,1499087,1854712,4598863
894,5191,6244,7726,19161,1245799,1498625,1854282,4598706
895,5193,6241,7732,19166,1246177,1497815,1855725,4599717
896,5191,6241,7731,19163,1246021,1497659,1855527,4599207
897,5192,6241,7733,19166,1246123,1497887,1855794,4599804
898,5192,6241,7732,19165,1246090,1497854,1855743,4599687
899,5192,6242,7733,19167,1246177,1497941,1855974,4600092
900,5185,6243,7730,19158,1244347,1498328,1855176,4597851
901,5187,6245,7732,19164,1244848,1498874,1855590,4599312
902,5187,6245,7731,19163,1244842,1498778,1855581,4599201
903,5186,6244,7731,19161,1244620,1498604,1855278,4598502
904,5188,6246,7733,19167,1245130,1499111,1855911,4600152
905,5188,6246,7728,19162,1245076,1499147,1854711,4598934
906,5294,6347,7829,19470,1270501,1523375,1878984,4672860
907,5190,6244,7725,19159,1245616,1498406,1854126,4598148
908,5193,6242,7734,19169,1246426,1498064,1856061,4600551
909,5191,6240,7731,19162,1245844,1497563,1855434,4598841
910,5191,6240,7732,19163,1245907,1497677,1855587,4599171
911,5190,6240,7731,19161,1245730,1497494,1855497,4598721
912,5184,6242,7729,19155,1244158,1498139,1854945,4597242
913,5185,6244,7730,19159,1244425,1498448,1855206,4598079
914,5184,6242,7729,19155,1244179,1498205,1854918,4597302
915,5185,6244,7729,19158,1244380,1498487,1855080,4597947
916,5291,6348,7836,19475,1269715,1523693,1880499,4673907
917,5186,6244,7726,19156,1244611,1498571,1854243,4597425
918,5192,6246,7727,19165,1246153,1499024,1854639,4599816
919,5192,6245,7727,19164,1245988,1498862,1854471,4599321
920,5191,6239,7731,19161,1245823,1497458,1855368,4598649
921,5191,6240,7731,19162,1245814,1497533,1855488,4598835
922,5192,6241,7733,19166,1246156,1497920,1855830,4599906
923,5190,6239,7731,19160,1245628,1497395,1855329,4598352
924,5187,6245,7733,19165,1244932,1498913,1855806,4599651
925,5187,6246,7732,19165,1244956,1498982,1855698,4599636
926,5185,6243,7729,19157,1244260,1498283,1854957,4597500
927,5183,6242,7727,19152,1243930,1498040,1854633,4596603
928,5188,6246,7733,19167,1245115,1499096,1855899,4600110
929,5186,6244,7726,19156,1244587,1498655,1854222,4597464
930,5190,6244,7726,19160,1245649,1498484,1854135,4598268
931,5194,6247,7730,19171,1246588,1499375,1855071,4601034
932,5189,6236,7728,19153,1245175,1496810,1854723,4596708
933,5193,6241,7733,19167,1246153,1497917,1855830,4599900
934,5190,6239,7731,19160,1245679,1497443,1855356,4598478
935,5190,6239,7730,19159,1245568,1497377,1855305,4598250
936,5189,6247,7734,19170,1245340,1499183,1856208,4600731
937,5188,6247,7733,19168,1245169,1499195,1855920,4600284
938,5288,6348,7833,19469,1269319,1523345,1880061,4672725
939,5187,6245,7731,19163,1244743,1498826,1855548,4599117
940,5188,6246,7733,19167,1245055,1499162,1855755,4599972
941,5183,6242,7723,19148,1244002,1498070,1853637,4595709
942,5192,6246,7727,19165,1246009,1498967,1854579,4599555
943,5191,6244,7726,19161,1245718,1498568,1854261,4598547
944,5188,6237,7740,19165,1245184,1496822,1857615,4599621
945,5186,6234,7738,19158,1244647,1496282,1857099,4598028
946,5185,6234,7737,19156,1244383,1496147,1856898,4597428
947,5190,6238,7742,19170,1245562,1497284,1858035,4600881
948,5188,6237,7737,19162,1245133,1496900,1856748,4598781
949,5182,6240,7738,19160,1243657,1497638,1857261,4598556
950,5182,6240,7739,19161,1243678,1497617,1857267,4598562
951,5184,6242,7740,19166,1243999,1498109,1857576,4599684
952,5186,6244,7731,19161,1244629,1498715,1855302,4598646
953,5185,6244,7726,19155,1244548,1498532,1854183,4597263
954,5191,6244,7727,19162,1245805,1498679,1854333,4598817
955,5190,6243,7726,19159,1245547,1498376,1854030,4597953
956,5296,6345,7836,19477,1271176,1522814,1880676,4674666
957,5190,6238,7730,19158,1245523,1497164,1855185,4597872
958,5192,6241,7732,19165,1246048,1497812,1855722,4599582
959,5189,6238,7730,19157,1245397,1497203,1855137,4597737
960,5191,6241,7731,19163,1245931,1497698,1855578,4599207
961,5185,6242,7729,19156,1244230,1498211,1855032,4597473
962,5185,6258,7733,19176,1244218,1502027,1855992,4602237
963,5187,6264,7732,19183,1244722,1503497,1855548,4603767
964,5187,6259,7732,19178,1245082,1502048,1855782,4602912
965,5291,6353,7836,19480,1269772,1524746,1880553,4675071
966,5189,6247,7730,19166,1245394,1499420,1855029,4599843
967,5186,6237,7722,19145,1244803,1496732,1853286,4594821
968,5199,6249,7727,19175,1247875,1499735,1854471,4602081
969,5200,6249,7732,19181,1248064,1499720,1855809,4603593
970,5200,6253,7732,19185,1247055,1500665,1855680,4603400
971,5201,6259,7738,19198,1247406,1502971,1856137,4606514
972,5187,6256,7736,19179,1244917,1502419,1856543,4603879
973,5187,6255,7730,19172,1244722,1501232,1856257,4602211
974,5181,6259,7729,19169,1243429,1502069,1855140,4600638
975,5178,6257,7727,19162,1242757,1501526,1854447,4598730
976,5182,6256,7731,19169,1243642,1501550,1855419,4600611
977,5182,6244,7735,19161,1243657,1498583,1856247,4598487
978,5186,6251,7729,19166,1244467,1500311,1855047,4599825
979,5188,6250,7727,19165,1245145,1499831,1854534,4599510
980,5187,6248,7727,19162,1244920,1499600,1854348,4598868
981,5189,6233,7730,19152,1245316,1496135,1855035,4596486
982,5195,6240,7732,19167,1246834,1497647,1855557,4600038
983,5188,6243,7731,19162,1244908,1498493,1855443,4598844
984,5190,6239,7731,19160,1245559,1497410,1855332,4598301
985,5189,6246,7734,19169,1245391,1499051,1856109,4600551
986,5188,6247,7733,19168,1245217,1499180,1856019,4600416
987,5186,6244,7731,19161,1244572,1498595,1855401,4598568
988,5187,6246,7732,19165,1244947,1499054,1855731,4599732
989,5183,6249,7731,19163,1243819,1499786,1855419,4599024
990,5181,6247,7726,19154,1243528,1499402,1854108,4597038
991,5291,6353,7831,19475,1269934,1524758,1879362,4674054
992,5191,6245,7726,19162,1245868,1498748,1854354,4598970
993,5191,6239,7730,19160,1245676,1497398,1855308,4598382
994,5191,6240,7731,19162,1245916,1497554,1855464,4598934
995,5189,6237,7729,19155,1245307,1496984,1854897,4597188
996,5193,6241,7732,19166,1246192,1497842,1855761,4599795
997,5187,6244,7732,19163,1244947,1498607,1855662,4599216
998,5188,6247,7733,19168,1245163,1499147,1856010,4600320
999,5185,6243,7730,19158,1244383,1498406,1855122,4597911
